generation,HV_norm_mean,HV_norm_std,IGD_plus_mean,IGD_plus_std,Spacing_mean,Spacing_std,FeasRatio_soft_mean,FeasRatio_soft_std,FeasRatio_strict_mean,FeasRatio_strict_std,MinCost_bestrun,MinTime_h_bestrun,boost_triggered_bestrun,vio_miss_alloc_mean,vio_miss_tt_mean,vio_cap_excess_mean,vio_late_teu_h_mean,vio_wait_teu_h_mean
0,0.0,0.0,29.000870124604276,3.0564228617113844,1.8064251282597625,0.6063393308623357,0.3949333333333334,0.03550674427329108,0.3949333333333334,0.03550674427329108,7371951.5941854445,467.83142857142855,0,0.0,0.0,408.95009184859936,20423.2042296538,175623.44767115923
1,0.0,0.0,29.000870124604276,3.0564228617113844,1.8064251282597625,0.6063393308623357,0.9776000000000001,0.046574384948524374,0.9776000000000001,0.046574384948524374,7371951.5941854445,467.83142857142855,0,0.0,0.0,0.40315092061695956,31524.56455581241,206277.83614450527
2,0.0,0.0,29.000870124604276,3.0564228617113844,1.8064251282597625,0.6063393308623357,1.0,0.0,1.0,0.0,7371951.5941854445,465.19714285714286,0,0.0,0.0,0.0,24308.277232114666,197782.68945680762
3,0.0,0.0,29.000870124604276,3.0564228617113844,1.8064251282597625,0.6063393308623357,1.0,0.0,1.0,0.0,7051021.204245949,465.19714285714286,0,0.0,0.0,0.0,20257.169443229755,193486.81614803887
4,0.0,0.0,29.000870124604276,3.0564228617113844,1.8064251282597625,0.6063393308623357,1.0,0.0,1.0,0.0,6771383.009622337,465.19714285714286,0,0.0,0.0,0.0,17342.468860900557,189728.07996028
5,0.0,0.0,18.18336320798471,1.7843180764137652,0.5031377968059331,0.19604724972902265,1.0,0.0,1.0,0.0,6573649.08503827,465.19714285714286,0,0.0,0.0,0.0,14862.863970244585,186758.22375070123
6,0.0,0.0,18.18336320798471,1.7843180764137652,0.5031377968059331,0.19604724972902265,1.0,0.0,1.0,0.0,6573649.08503827,460.77714285714285,0,0.0,0.0,0.0,13224.377088862695,185552.59386662938
7,0.0,0.0,18.18336320798471,1.7843180764137652,0.5031377968059331,0.19604724972902265,1.0,0.0,1.0,0.0,6540513.547246463,458.3441666666667,0,0.0,0.0,0.0,11170.360810724278,182596.16197983173
8,0.0,0.0,18.18336320798471,1.7843180764137652,0.5031377968059331,0.19604724972902265,1.0,0.0,1.0,0.0,6485295.322707559,439.79214285714284,0,0.0,0.0,0.0,9661.688384811552,181132.1859116899
9,0.0,0.0,18.18336320798471,1.7843180764137652,0.5031377968059331,0.19604724972902265,1.0,0.0,1.0,0.0,6400297.999265823,439.79214285714284,0,0.0,0.0,0.0,8409.867902870192,179473.2377595493
10,0.0,0.0,11.997285541881876,1.4109520550586474,0.4772501569346022,0.26611483047544815,1.0,0.0,1.0,0.0,6264207.510908295,439.79214285714284,0,0.0,0.0,0.0,7175.904331048529,177507.82903796915
11,0.0,0.0,11.997285541881876,1.4109520550586474,0.4772501569346022,0.26611483047544815,1.0,0.0,1.0,0.0,6256651.48955588,439.79214285714284,0,0.0,0.0,0.0,6159.449713674921,175402.84670786347
12,0.0,0.0,11.997285541881876,1.4109520550586474,0.4772501569346022,0.26611483047544815,1.0,0.0,1.0,0.0,6226128.883833697,419.4371428571428,0,0.0,0.0,0.0,5258.431851799875,173990.97967146538
13,0.0,0.0,11.997285541881876,1.4109520550586474,0.4772501569346022,0.26611483047544815,1.0,0.0,1.0,0.0,6032413.590420091,419.4371428571428,0,0.0,0.0,0.0,4683.4749043596885,171920.4755058903
14,0.0,0.0,11.997285541881876,1.4109520550586474,0.4772501569346022,0.26611483047544815,1.0,0.0,1.0,0.0,5998550.906859741,419.4371428571428,0,0.0,0.0,0.0,4183.867416016054,170609.45642120283
15,0.0,0.0,8.598121888641227,1.1288825992396139,0.2966030711354229,0.13879146873227968,1.0,0.0,1.0,0.0,5998550.906859741,419.4371428571428,0,0.0,0.0,0.0,3734.9016387484126,169414.0024961653
16,0.0,0.0,8.598121888641227,1.1288825992396139,0.2966030711354229,0.13879146873227968,1.0,0.0,1.0,0.0,5983032.828133641,419.4371428571428,0,0.0,0.0,0.0,3315.1480352860594,169169.32671315075
17,0.0,0.0,8.598121888641227,1.1288825992396139,0.2966030711354229,0.13879146873227968,1.0,0.0,1.0,0.0,5983032.828133641,414.75595238095235,0,0.0,0.0,0.0,2968.84672187473,168025.51838290706
18,0.0,0.0,8.598121888641227,1.1288825992396139,0.2966030711354229,0.13879146873227968,1.0,0.0,1.0,0.0,5972589.077723903,414.75595238095235,0,0.0,0.0,0.0,2665.186992036461,166591.41146511832
19,0.0,0.0,8.598121888641227,1.1288825992396139,0.2966030711354229,0.13879146873227968,1.0,0.0,1.0,0.0,5864854.451872697,414.75595238095235,0,0.0,0.0,0.0,2460.6762080973513,165281.0614771025
20,0.0,0.0,6.2958712110442665,0.964076545381925,0.2141553499671015,0.10798382178594007,1.0,0.0,1.0,0.0,5864854.451872697,413.2192857142857,0,0.0,0.0,0.0,2340.436176108379,164799.43221840655
21,0.0,0.0,6.2958712110442665,0.964076545381925,0.2141553499671015,0.10798382178594007,1.0,0.0,1.0,0.0,5864854.451872697,412.12095238095236,0,0.0,0.0,0.0,2283.238854900579,164101.66504474916
22,0.0,0.0,6.2958712110442665,0.964076545381925,0.2141553499671015,0.10798382178594007,1.0,0.0,1.0,0.0,5836405.411085921,407.8542857142857,0,0.0,0.0,0.0,2218.3639629550817,162898.10217467358
23,0.0,0.0,6.2958712110442665,0.964076545381925,0.2141553499671015,0.10798382178594007,1.0,0.0,1.0,0.0,5813672.121414455,407.8542857142857,0,0.0,0.0,0.0,2158.12128640195,162067.3058670709
24,0.0,0.0,6.2958712110442665,0.964076545381925,0.2141553499671015,0.10798382178594007,1.0,0.0,1.0,0.0,5788358.656717715,407.8542857142857,0,0.0,0.0,0.0,2106.520048587815,161299.49284928193
25,0.0,0.0,4.8096830709695535,0.7605532845349057,0.15619206238383385,0.10773609798241969,1.0,0.0,1.0,0.0,5771452.156034029,407.8542857142857,0,0.0,0.0,0.0,1991.139037175781,160667.2046587933
26,0.0,0.0,4.8096830709695535,0.7605532845349057,0.15619206238383385,0.10773609798241969,1.0,0.0,1.0,0.0,5734637.116747748,407.8542857142857,0,0.0,0.0,0.0,1917.3992590916166,159383.85184021015
27,0.0,0.0,4.8096830709695535,0.7605532845349057,0.15619206238383385,0.10773609798241969,1.0,0.0,1.0,0.0,5734637.116747748,407.8542857142857,0,0.0,0.0,0.0,1896.3044242458166,159011.63986072998
28,0.0,0.0,4.8096830709695535,0.7605532845349057,0.15619206238383385,0.10773609798241969,1.0,0.0,1.0,0.0,5670799.5318372995,407.8542857142857,0,0.0,0.0,0.0,1868.1025145513306,158280.7240331405
29,0.0,0.0,4.8096830709695535,0.7605532845349057,0.15619206238383385,0.10773609798241969,1.0,0.0,1.0,0.0,5670799.5318372995,407.8542857142857,0,0.0,0.0,0.0,1767.5588468352664,157831.19629320322
30,0.0,0.0,3.804371919306618,0.7045831171193879,0.13798663193265168,0.0910821107217136,1.0,0.0,1.0,0.0,5647792.356439049,407.8542857142857,0,0.0,0.0,0.0,1749.8436943189306,156911.48761257573
31,0.0,0.0,3.804371919306618,0.7045831171193879,0.13798663193265168,0.0910821107217136,1.0,0.0,1.0,0.0,5647792.356439049,407.8542857142857,0,0.0,0.0,0.0,1719.3143303635027,156781.35524523977
32,0.0,0.0,3.804371919306618,0.7045831171193879,0.13798663193265168,0.0910821107217136,1.0,0.0,1.0,0.0,5647792.356439049,407.8542857142857,0,0.0,0.0,0.0,1708.2701977282234,155698.7587356764
33,0.0,0.0,3.804371919306618,0.7045831171193879,0.13798663193265168,0.0910821107217136,1.0,0.0,1.0,0.0,5619814.246629955,407.8542857142857,0,0.0,0.0,0.0,1660.61609464109,154976.25731950565
34,0.0,0.0,3.804371919306618,0.7045831171193879,0.13798663193265168,0.0910821107217136,1.0,0.0,1.0,0.0,5619814.246629955,407.8542857142857,0,0.0,0.0,0.0,1612.7299201333526,154209.6826610436
35,0.0,0.0,3.1108381868770993,0.6006574778251148,0.08407156462169366,0.08391992982285683,1.0,0.0,1.0,0.0,5579068.702167499,407.8542857142857,0,0.0,0.0,0.0,1579.5473052109207,153627.87780359006
36,0.0,0.0,3.1108381868770993,0.6006574778251148,0.08407156462169366,0.08391992982285683,1.0,0.0,1.0,0.0,5579068.702167499,407.8542857142857,0,0.0,0.0,0.0,1533.7813513196938,153151.91179556202
37,0.0,0.0,3.1108381868770993,0.6006574778251148,0.08407156462169366,0.08391992982285683,1.0,0.0,1.0,0.0,5579068.702167499,407.8542857142857,0,0.0,0.0,0.0,1508.438001354915,152765.2221553235
38,0.0,0.0,3.1108381868770993,0.6006574778251148,0.08407156462169366,0.08391992982285683,1.0,0.0,1.0,0.0,5536822.536045215,407.8542857142857,0,0.0,0.0,0.0,1474.7463069401979,152474.563768167
39,0.0,0.0,3.1108381868770993,0.6006574778251148,0.08407156462169366,0.08391992982285683,1.0,0.0,1.0,0.0,5536822.536045215,407.8542857142857,0,0.0,0.0,0.0,1448.8627609382706,152207.14699522464
40,0.0,0.0,2.562524167398914,0.5509434498200528,0.08320875411298786,0.09286803994625756,1.0,0.0,1.0,0.0,5485654.076893415,407.8542857142857,0,0.0,0.0,0.0,1421.2217148341692,151750.85363197545
41,0.0,0.0,2.562524167398914,0.5509434498200528,0.08320875411298786,0.09286803994625756,1.0,0.0,1.0,0.0,5485654.076893415,407.8542857142857,0,0.0,0.0,0.0,1405.944768162048,151651.8221236005
42,0.0,0.0,2.562524167398914,0.5509434498200528,0.08320875411298786,0.09286803994625756,1.0,0.0,1.0,0.0,5485654.076893415,407.8542857142857,0,0.0,0.0,0.0,1390.2982929335235,151182.59213332986
43,0.0,0.0,2.562524167398914,0.5509434498200528,0.08320875411298786,0.09286803994625756,1.0,0.0,1.0,0.0,5485654.076893415,407.8542857142857,0,0.0,0.0,0.0,1392.2254758370984,151089.68872056957
44,0.0,0.0,2.562524167398914,0.5509434498200528,0.08320875411298786,0.09286803994625756,1.0,0.0,1.0,0.0,5485654.076893415,407.8542857142857,0,0.0,0.0,0.0,1392.227107482477,150966.80630522256
45,0.0,0.0,2.2685018338465217,0.5419121897707878,0.056844157329023245,0.09386840383434632,1.0,0.0,1.0,0.0,5485654.076893415,407.8542857142857,0,0.0,0.0,0.0,1381.2505479482777,150650.623859658
46,0.0,0.0,2.2685018338465217,0.5419121897707878,0.056844157329023245,0.09386840383434632,1.0,0.0,1.0,0.0,5485654.076893415,407.8542857142857,0,0.0,0.0,0.0,1370.025859877693,150411.83089189607
47,0.0,0.0,2.2685018338465217,0.5419121897707878,0.056844157329023245,0.09386840383434632,1.0,0.0,1.0,0.0,5460922.338412307,407.8542857142857,0,0.0,0.0,0.0,1351.8697864534722,150116.18948538453
48,0.0,0.0,2.2685018338465217,0.5419121897707878,0.056844157329023245,0.09386840383434632,1.0,0.0,1.0,0.0,5460922.338412307,407.8542857142857,0,0.0,0.0,0.0,1350.4990237394559,150215.82587878706
49,0.0,0.0,2.2685018338465217,0.5419121897707878,0.056844157329023245,0.09386840383434632,1.0,0.0,1.0,0.0,5460922.338412307,407.8542857142857,0,0.0,0.0,0.0,1350.1004873375678,150040.18676877362
50,0.0,0.0,2.0212705218269083,0.5096411935475756,0.046289288095617345,0.10451781414552383,1.0,0.0,1.0,0.0,5460649.082265823,407.8542857142857,0,0.0,0.0,0.0,1348.8129735838395,150153.93626899336
51,0.0,0.0,2.0212705218269083,0.5096411935475756,0.046289288095617345,0.10451781414552383,1.0,0.0,1.0,0.0,5460649.082265823,407.8542857142857,0,0.0,0.0,0.0,1352.0576421377352,150235.3765910325
52,0.0,0.0,2.0212705218269083,0.5096411935475756,0.046289288095617345,0.10451781414552383,1.0,0.0,1.0,0.0,5457747.896280099,407.8542857142857,0,0.0,0.0,0.0,1361.3803205894574,149986.08373409443
53,0.0,0.0,2.0212705218269083,0.5096411935475756,0.046289288095617345,0.10451781414552383,1.0,0.0,1.0,0.0,5426991.3168625,407.8542857142857,0,0.0,0.0,0.0,1356.1332803684124,150078.02119209283
54,0.0,0.0,2.0212705218269083,0.5096411935475756,0.046289288095617345,0.10451781414552383,1.0,0.0,1.0,0.0,5426991.3168625,407.8542857142857,0,0.0,0.0,0.0,1350.7995917120513,149782.88036428342
55,0.0038006133366773848,0.014224712447978788,1.8663856524854927,0.5507397742720647,0.05526798585733894,0.09811568708734308,1.0,0.0,1.0,0.0,5426991.3168625,407.8542857142857,0,0.0,0.0,0.0,1340.6332080756063,149661.24414631532
56,0.0038006133366773848,0.014224712447978788,1.8663856524854927,0.5507397742720647,0.05526798585733894,0.09811568708734308,1.0,0.0,1.0,0.0,5426991.3168625,407.8542857142857,0,0.0,0.0,0.0,1333.2530623346488,149459.30401593217
57,0.0038006133366773848,0.014224712447978788,1.8663856524854927,0.5507397742720647,0.05526798585733894,0.09811568708734308,1.0,0.0,1.0,0.0,5426991.3168625,407.8542857142857,0,0.0,0.0,0.0,1323.9608536723738,149331.45078373497
58,0.0038006133366773848,0.014224712447978788,1.8663856524854927,0.5507397742720647,0.05526798585733894,0.09811568708734308,1.0,0.0,1.0,0.0,5426991.3168625,407.8542857142857,0,0.0,0.0,0.0,1317.08757984613,149224.13370034617
59,0.0038006133366773848,0.014224712447978788,1.8663856524854927,0.5507397742720647,0.05526798585733894,0.09811568708734308,1.0,0.0,1.0,0.0,5426991.3168625,407.8542857142857,0,0.0,0.0,0.0,1316.5619660948166,149121.29421264076
60,0.011943215227880215,0.04086325042264401,1.7354894112247046,0.5437339039754211,0.013945450009845721,0.021205339669363603,1.0,0.0,1.0,0.0,5426991.3168625,407.8542857142857,0,0.0,0.0,0.0,1312.815236800104,149050.006085509
61,0.011943215227880215,0.04086325042264401,1.7354894112247046,0.5437339039754211,0.013945450009845721,0.021205339669363603,1.0,0.0,1.0,0.0,5426991.3168625,407.8542857142857,0,0.0,0.0,0.0,1309.6385869670667,149006.06196673596
62,0.011943215227880215,0.04086325042264401,1.7354894112247046,0.5437339039754211,0.013945450009845721,0.021205339669363603,1.0,0.0,1.0,0.0,5423467.94082333,407.8542857142857,0,0.0,0.0,0.0,1307.5945900283725,149096.0700732256
63,0.011943215227880215,0.04086325042264401,1.7354894112247046,0.5437339039754211,0.013945450009845721,0.021205339669363603,1.0,0.0,1.0,0.0,5410793.336476344,407.8542857142857,0,0.0,0.0,0.0,1307.9735012156248,148930.72622931527
64,0.011943215227880215,0.04086325042264401,1.7354894112247046,0.5437339039754211,0.013945450009845721,0.021205339669363603,1.0,0.0,1.0,0.0,5410793.336476344,407.8542857142857,0,0.0,0.0,0.0,1307.6972313091755,149041.6752546868
65,0.01905885603105139,0.06261138129388637,1.577707702679057,0.49634913464208535,0.017153728741822694,0.05346169290828299,1.0,0.0,1.0,0.0,5410793.336476344,407.8542857142857,0,0.0,0.0,0.0,1303.1353715237888,148977.6966230971
66,0.01905885603105139,0.06261138129388637,1.577707702679057,0.49634913464208535,0.017153728741822694,0.05346169290828299,1.0,0.0,1.0,0.0,5406805.2343425425,407.8542857142857,0,0.0,0.0,0.0,1301.6072280897038,148855.90736341994
67,0.01905885603105139,0.06261138129388637,1.577707702679057,0.49634913464208535,0.017153728741822694,0.05346169290828299,1.0,0.0,1.0,0.0,5406805.2343425425,407.8542857142857,0,0.0,0.0,0.0,1300.180227774811,148751.81400192974
68,0.01905885603105139,0.06261138129388637,1.577707702679057,0.49634913464208535,0.017153728741822694,0.05346169290828299,1.0,0.0,1.0,0.0,5404233.9854178345,407.8542857142857,0,0.0,0.0,0.0,1295.7954733198244,148592.03395415904
69,0.01905885603105139,0.06261138129388637,1.577707702679057,0.49634913464208535,0.017153728741822694,0.05346169290828299,1.0,0.0,1.0,0.0,5400708.396424432,407.8542857142857,0,0.0,0.0,0.0,1299.6529710637417,148608.71165255544
70,0.02625057679889973,0.08043664013422522,1.4837262809908787,0.4836880771150935,0.007602973153413861,0.008669782340102596,1.0,0.0,1.0,0.0,5387262.768280221,407.8542857142857,0,0.0,0.0,0.0,1290.7931113543248,148515.22727534507
71,0.02625057679889973,0.08043664013422522,1.4837262809908787,0.4836880771150935,0.007602973153413861,0.008669782340102596,1.0,0.0,1.0,0.0,5387262.768280221,407.8542857142857,0,0.0,0.0,0.0,1288.8587068285763,148507.08766320854
72,0.02625057679889973,0.08043664013422522,1.4837262809908787,0.4836880771150935,0.007602973153413861,0.008669782340102596,1.0,0.0,1.0,0.0,5387262.768280221,407.8542857142857,0,0.0,0.0,0.0,1285.135768297722,148413.0618718683
73,0.02625057679889973,0.08043664013422522,1.4837262809908787,0.4836880771150935,0.007602973153413861,0.008669782340102596,1.0,0.0,1.0,0.0,5387262.768280221,407.8542857142857,0,0.0,0.0,0.0,1281.1997162016576,148569.38506968247
74,0.02625057679889973,0.08043664013422522,1.4837262809908787,0.4836880771150935,0.007602973153413861,0.008669782340102596,1.0,0.0,1.0,0.0,5387262.768280221,407.8542857142857,0,0.0,0.0,0.0,1274.5446689857274,148411.6466989215
75,0.03508097440079551,0.10054934162581124,1.4093895692871254,0.47252568945358003,0.005294243152441173,0.004380544539499533,1.0,0.0,1.0,0.0,5387250.995056332,407.8542857142857,0,0.0,0.0,0.0,1266.2146340234585,148365.3742840882
76,0.03508097440079551,0.10054934162581124,1.4093895692871254,0.47252568945358003,0.005294243152441173,0.004380544539499533,1.0,0.0,1.0,0.0,5379294.991000889,407.8542857142857,0,0.0,0.0,0.0,1257.1586041066453,148399.08054784744
77,0.03508097440079551,0.10054934162581124,1.4093895692871254,0.47252568945358003,0.005294243152441173,0.004380544539499533,1.0,0.0,1.0,0.0,5379294.991000889,407.8542857142857,0,0.0,0.0,0.0,1247.8739217911059,148331.74195895426
78,0.03508097440079551,0.10054934162581124,1.4093895692871254,0.47252568945358003,0.005294243152441173,0.004380544539499533,1.0,0.0,1.0,0.0,5379294.991000889,407.8542857142857,0,0.0,0.0,0.0,1247.07315441631,148332.75360921302
79,0.03508097440079551,0.10054934162581124,1.4093895692871254,0.47252568945358003,0.005294243152441173,0.004380544539499533,1.0,0.0,1.0,0.0,5379294.991000889,407.8542857142857,0,0.0,0.0,0.0,1233.9170204510474,148315.01529787676
80,0.04090205499701002,0.10745902143626483,1.3544598487787491,0.47522057649386673,0.024944586439891486,0.10343010694659925,1.0,0.0,1.0,0.0,5379294.991000889,407.8542857142857,0,0.0,0.0,0.0,1232.5634197524953,148216.29488628544
81,0.04090205499701002,0.10745902143626483,1.3544598487787491,0.47522057649386673,0.024944586439891486,0.10343010694659925,1.0,0.0,1.0,0.0,5379294.991000889,407.8542857142857,0,0.0,0.0,0.0,1226.504720476466,148184.69717681236
82,0.04090205499701002,0.10745902143626483,1.3544598487787491,0.47522057649386673,0.024944586439891486,0.10343010694659925,1.0,0.0,1.0,0.0,5379294.991000889,407.8542857142857,0,0.0,0.0,0.0,1220.2223480597156,148101.04714009122
83,0.04090205499701002,0.10745902143626483,1.3544598487787491,0.47522057649386673,0.024944586439891486,0.10343010694659925,1.0,0.0,1.0,0.0,5377876.2460614,407.8542857142857,0,0.0,0.0,0.0,1219.8937922491525,148139.11963134652
84,0.04090205499701002,0.10745902143626483,1.3544598487787491,0.47522057649386673,0.024944586439891486,0.10343010694659925,1.0,0.0,1.0,0.0,5375924.998447991,407.8542857142857,0,0.0,0.0,0.0,1219.3858497945992,148345.98709010278
85,0.04839630445846163,0.11046161849248373,1.3068828835103703,0.4752269833387399,0.015289679777520153,0.053288354743441076,1.0,0.0,1.0,0.0,5375924.998447991,407.8542857142857,0,0.0,0.0,0.0,1219.8570233721073,148445.5222132127
86,0.04839630445846163,0.11046161849248373,1.3068828835103703,0.4752269833387399,0.015289679777520153,0.053288354743441076,1.0,0.0,1.0,0.0,5375924.998447991,407.8542857142857,0,0.0,0.0,0.0,1219.066364529956,148583.06351822696
87,0.04839630445846163,0.11046161849248373,1.3068828835103703,0.4752269833387399,0.015289679777520153,0.053288354743441076,1.0,0.0,1.0,0.0,5375924.998447991,407.8542857142857,0,0.0,0.0,0.0,1219.4948432349033,148707.22458520607
88,0.04839630445846163,0.11046161849248373,1.3068828835103703,0.4752269833387399,0.015289679777520153,0.053288354743441076,1.0,0.0,1.0,0.0,5375665.455648254,407.8542857142857,0,0.0,0.0,0.0,1219.161785622698,148720.07931515537
89,0.04839630445846163,0.11046161849248373,1.3068828835103703,0.4752269833387399,0.015289679777520153,0.053288354743441076,1.0,0.0,1.0,0.0,5375665.455648254,407.8542857142857,0,0.0,0.0,0.0,1219.0339822918372,148837.63416653968
90,0.05688613152884007,0.12098184067435902,1.267383558995475,0.48098754496466656,0.0024671438479399147,0.0021665316821705264,1.0,0.0,1.0,0.0,5374781.336667487,407.8542857142857,0,0.0,0.0,0.0,1218.9491313858168,148872.22864380124
91,0.05688613152884007,0.12098184067435902,1.267383558995475,0.48098754496466656,0.0024671438479399147,0.0021665316821705264,1.0,0.0,1.0,0.0,5374781.336667487,407.8542857142857,0,0.0,0.0,0.0,1217.0709348777405,148935.18676845703
92,0.05688613152884007,0.12098184067435902,1.267383558995475,0.48098754496466656,0.0024671438479399147,0.0021665316821705264,1.0,0.0,1.0,0.0,5374781.336667487,407.8542857142857,0,0.0,0.0,0.0,1215.0356684087367,148893.93352986843
93,0.05688613152884007,0.12098184067435902,1.267383558995475,0.48098754496466656,0.0024671438479399147,0.0021665316821705264,1.0,0.0,1.0,0.0,5374136.570500951,407.8542857142857,0,0.0,0.0,0.0,1211.0065452599308,148804.29792318435
94,0.05688613152884007,0.12098184067435902,1.267383558995475,0.48098754496466656,0.0024671438479399147,0.0021665316821705264,1.0,0.0,1.0,0.0,5374136.570500951,407.8542857142857,0,0.0,0.0,0.0,1206.9881856610377,148951.4340264862
95,0.059931937379052204,0.12238345075567758,1.2305392237110722,0.4669925956109109,0.011955840802466767,0.053878594067220315,1.0,0.0,1.0,0.0,5373288.674867735,407.8542857142857,0,0.0,0.0,0.0,1201.0008396858648,148807.51135147424
96,0.059931937379052204,0.12238345075567758,1.2305392237110722,0.4669925956109109,0.011955840802466767,0.053878594067220315,1.0,0.0,1.0,0.0,5370107.4710906055,407.8542857142857,0,0.0,0.0,0.0,1190.8603369967136,148678.6094047189
97,0.059931937379052204,0.12238345075567758,1.2305392237110722,0.4669925956109109,0.011955840802466767,0.053878594067220315,1.0,0.0,1.0,0.0,5370107.4710906055,407.8542857142857,0,0.0,0.0,0.0,1185.0752301941163,148604.06891676664
98,0.059931937379052204,0.12238345075567758,1.2305392237110722,0.4669925956109109,0.011955840802466767,0.053878594067220315,1.0,0.0,1.0,0.0,5369501.164370609,407.8542857142857,0,0.0,0.0,0.0,1180.5512009061244,148567.65819528035
99,0.059931937379052204,0.12238345075567758,1.2305392237110722,0.4669925956109109,0.011955840802466767,0.053878594067220315,1.0,0.0,1.0,0.0,5366064.658479752,407.8542857142857,0,0.0,0.0,0.0,1172.2519906319344,148367.47222598424
100,0.066056514375131,0.13480427813907886,1.2076661118398178,0.472619076530799,0.00387271330016834,0.009347173806803341,1.0,0.0,1.0,0.0,5366064.658479752,407.8542857142857,0,0.0,0.0,0.0,1166.33261910462,148365.26814471118
101,0.066056514375131,0.13480427813907886,1.2076661118398178,0.472619076530799,0.00387271330016834,0.009347173806803341,1.0,0.0,1.0,0.0,5366064.658479752,407.8542857142857,0,0.0,0.0,0.0,1162.0431567843998,148380.55751463224
102,0.066056514375131,0.13480427813907886,1.2076661118398178,0.472619076530799,0.00387271330016834,0.009347173806803341,1.0,0.0,1.0,0.0,5366064.658479752,407.8542857142857,0,0.0,0.0,0.0,1161.731670685441,148365.75863305622
103,0.066056514375131,0.13480427813907886,1.2076661118398178,0.472619076530799,0.00387271330016834,0.009347173806803341,1.0,0.0,1.0,0.0,5366064.658479752,407.8542857142857,0,0.0,0.0,0.0,1161.626560012593,148430.4331100918
104,0.066056514375131,0.13480427813907886,1.2076661118398178,0.472619076530799,0.00387271330016834,0.009347173806803341,1.0,0.0,1.0,0.0,5366064.658479752,407.8542857142857,0,0.0,0.0,0.0,1161.633861560177,148399.19683149562
105,0.06975293052627202,0.1366773301530237,1.1848831302718186,0.47220876578892446,0.0028681556794685507,0.00534726150780121,1.0,0.0,1.0,0.0,5366064.658479752,407.8542857142857,0,0.0,0.0,0.0,1161.6436577935642,148339.47642295234
106,0.06975293052627202,0.1366773301530237,1.1848831302718186,0.47220876578892446,0.0028681556794685507,0.00534726150780121,1.0,0.0,1.0,0.0,5365913.788304732,407.8542857142857,0,0.0,0.0,0.0,1161.6993804740653,148327.3188122568
107,0.06975293052627202,0.1366773301530237,1.1848831302718186,0.47220876578892446,0.0028681556794685507,0.00534726150780121,1.0,0.0,1.0,0.0,5365913.788304732,407.8542857142857,0,0.0,0.0,0.0,1161.6711585812034,148243.3172101067
108,0.06975293052627202,0.1366773301530237,1.1848831302718186,0.47220876578892446,0.0028681556794685507,0.00534726150780121,1.0,0.0,1.0,0.0,5365913.788304732,407.8542857142857,0,0.0,0.0,0.0,1161.615922018776,148202.04274979408
109,0.06975293052627202,0.1366773301530237,1.1848831302718186,0.47220876578892446,0.0028681556794685507,0.00534726150780121,1.0,0.0,1.0,0.0,5365913.788304732,407.8542857142857,0,0.0,0.0,0.0,1161.6144350597283,148118.61878529255
110,0.07174033759379353,0.13873896213945483,1.1732921092202073,0.4742497347790741,0.0026898064526509557,0.005963061277254605,1.0,0.0,1.0,0.0,5365480.515146449,407.8542857142857,0,0.0,0.0,0.0,1161.5516605784646,148280.45648427997
111,0.07174033759379353,0.13873896213945483,1.1732921092202073,0.4742497347790741,0.0026898064526509557,0.005963061277254605,1.0,0.0,1.0,0.0,5365480.515146449,407.8542857142857,0,0.0,0.0,0.0,1161.5745864000917,148252.71908704445
112,0.07174033759379353,0.13873896213945483,1.1732921092202073,0.4742497347790741,0.0026898064526509557,0.005963061277254605,1.0,0.0,1.0,0.0,5365223.846891882,407.8542857142857,0,0.0,0.0,0.0,1161.6817251373798,148286.73306728856
113,0.07174033759379353,0.13873896213945483,1.1732921092202073,0.4742497347790741,0.0026898064526509557,0.005963061277254605,1.0,0.0,1.0,0.0,5364493.778470901,407.8542857142857,0,0.0,0.0,0.0,1161.5184908019194,148320.92800076085
114,0.07174033759379353,0.13873896213945483,1.1732921092202073,0.4742497347790741,0.0026898064526509557,0.005963061277254605,1.0,0.0,1.0,0.0,5364493.778470901,407.8542857142857,0,0.0,0.0,0.0,1161.4241132269485,148514.8150548878
115,0.0749615095604838,0.1416645308968227,1.146995001544556,0.47551046322723095,0.004441233925862384,0.01012857122051909,1.0,0.0,1.0,0.0,5364493.778470901,407.8542857142857,0,0.0,0.0,0.0,1161.3946373672384,148425.79427082036
116,0.0749615095604838,0.1416645308968227,1.146995001544556,0.47551046322723095,0.004441233925862384,0.01012857122051909,1.0,0.0,1.0,0.0,5364493.778470901,407.8542857142857,0,0.0,0.0,0.0,1163.051129454644,148378.50273166082
117,0.0749615095604838,0.1416645308968227,1.146995001544556,0.47551046322723095,0.004441233925862384,0.01012857122051909,1.0,0.0,1.0,0.0,5364493.778470901,407.8542857142857,0,0.0,0.0,0.0,1161.3516571174794,148476.11181938002
118,0.0749615095604838,0.1416645308968227,1.146995001544556,0.47551046322723095,0.004441233925862384,0.01012857122051909,1.0,0.0,1.0,0.0,5364035.063330849,407.8542857142857,0,0.0,0.0,0.0,1161.4336785389612,148381.16659910817
119,0.0749615095604838,0.1416645308968227,1.146995001544556,0.47551046322723095,0.004441233925862384,0.01012857122051909,1.0,0.0,1.0,0.0,5364035.063330849,407.8542857142857,0,0.0,0.0,0.0,1161.4161146391307,148396.2071761642
120,0.07836397696234967,0.1433417893521316,1.1339635194264035,0.4764357890840622,0.001565130696084758,0.0017819192332976972,1.0,0.0,1.0,0.0,5364019.303712214,407.8542857142857,0,0.0,0.0,0.0,1161.570774270798,148389.7589982125
121,0.07836397696234967,0.1433417893521316,1.1339635194264035,0.4764357890840622,0.001565130696084758,0.0017819192332976972,1.0,0.0,1.0,0.0,5364019.303712214,407.8542857142857,0,0.0,0.0,0.0,1161.4354477167485,148308.51911194102
122,0.07836397696234967,0.1433417893521316,1.1339635194264035,0.4764357890840622,0.001565130696084758,0.0017819192332976972,1.0,0.0,1.0,0.0,5364019.303712214,407.8542857142857,0,0.0,0.0,0.0,1161.4686670789292,148337.48824903357
123,0.07836397696234967,0.1433417893521316,1.1339635194264035,0.4764357890840622,0.001565130696084758,0.0017819192332976972,1.0,0.0,1.0,0.0,5364019.303712214,407.8542857142857,0,0.0,0.0,0.0,1161.3956025739417,148330.57131656335
124,0.07836397696234967,0.1433417893521316,1.1339635194264035,0.4764357890840622,0.001565130696084758,0.0017819192332976972,1.0,0.0,1.0,0.0,5364019.303712214,407.8542857142857,0,0.0,0.0,0.0,1161.4676584017654,148379.9542466064
125,0.08255043962031289,0.14543118819550624,1.1140159114457522,0.4672772562245757,0.0029422437010748113,0.00735718799713156,1.0,0.0,1.0,0.0,5364019.303712214,407.8542857142857,0,0.0,0.0,0.0,1161.5154314728954,148294.70047973507
126,0.08255043962031289,0.14543118819550624,1.1140159114457522,0.4672772562245757,0.0029422437010748113,0.00735718799713156,1.0,0.0,1.0,0.0,5364019.303712214,407.8542857142857,0,0.0,0.0,0.0,1161.5143264604656,148452.106548884
127,0.08255043962031289,0.14543118819550624,1.1140159114457522,0.4672772562245757,0.0029422437010748113,0.00735718799713156,1.0,0.0,1.0,0.0,5364006.170696687,407.8542857142857,0,0.0,0.0,0.0,1161.501490237099,148396.9873088105
128,0.08255043962031289,0.14543118819550624,1.1140159114457522,0.4672772562245757,0.0029422437010748113,0.00735718799713156,1.0,0.0,1.0,0.0,5363995.22651708,407.8542857142857,0,0.0,0.0,0.0,1161.5882773493497,148439.71328378023
129,0.08255043962031289,0.14543118819550624,1.1140159114457522,0.4672772562245757,0.0029422437010748113,0.00735718799713156,1.0,0.0,1.0,0.0,5363940.505619047,407.8542857142857,0,0.0,0.0,0.0,1161.571741685413,148347.86253050787
130,0.08486370464495048,0.1468775214371858,1.107876221335874,0.4666245549145397,0.037742611866954344,0.17073721134471148,1.0,0.0,1.0,0.0,5363940.505619047,407.8542857142857,0,0.0,0.0,0.0,1162.887407772519,148453.9420607127
131,0.08486370464495048,0.1468775214371858,1.107876221335874,0.4666245549145397,0.037742611866954344,0.17073721134471148,1.0,0.0,1.0,0.0,5363940.505619047,407.8542857142857,0,0.0,0.0,0.0,1161.7582855743922,148389.10132042653
132,0.08486370464495048,0.1468775214371858,1.107876221335874,0.4666245549145397,0.037742611866954344,0.17073721134471148,1.0,0.0,1.0,0.0,5363940.505619047,407.8542857142857,0,0.0,0.0,0.0,1161.4108753668847,148524.59642675507
133,0.08486370464495048,0.1468775214371858,1.107876221335874,0.4666245549145397,0.037742611866954344,0.17073721134471148,1.0,0.0,1.0,0.0,5363940.505619047,407.8542857142857,0,0.0,0.0,0.0,1161.8332878268268,148659.2296051165
134,0.08486370464495048,0.1468775214371858,1.107876221335874,0.4666245549145397,0.037742611866954344,0.17073721134471148,1.0,0.0,1.0,0.0,5363940.505619047,407.8542857142857,0,0.0,0.0,0.0,1163.5491141307712,148770.84502489647
135,0.08573761089195635,0.14760510466912535,1.102631009619247,0.4661665460308918,0.06915501202097118,0.24756843033566173,1.0,0.0,1.0,0.0,5363940.505619047,407.8542857142857,0,0.0,0.0,0.0,1167.7533143380826,148834.80897565428
136,0.08573761089195635,0.14760510466912535,1.102631009619247,0.4661665460308918,0.06915501202097118,0.24756843033566173,1.0,0.0,1.0,0.0,5363940.505619047,407.8542857142857,0,0.0,0.0,0.0,1183.2626054896682,149111.97235605624
137,0.08573761089195635,0.14760510466912535,1.102631009619247,0.4661665460308918,0.06915501202097118,0.24756843033566173,1.0,0.0,1.0,0.0,5363940.505619047,407.8542857142857,0,0.0,0.0,0.0,1178.0975839663054,149202.93090231018
138,0.08573761089195635,0.14760510466912535,1.102631009619247,0.4661665460308918,0.06915501202097118,0.24756843033566173,1.0,0.0,1.0,0.0,5363940.505619047,407.8542857142857,0,0.0,0.0,0.0,1161.3102507367917,149145.89432923603
139,0.08573761089195635,0.14760510466912535,1.102631009619247,0.4661665460308918,0.06915501202097118,0.24756843033566173,1.0,0.0,1.0,0.0,5363940.505619047,407.8542857142857,0,0.0,0.0,0.0,1161.3461193875307,149133.3482951389
140,0.08613099134848749,0.1478122819916897,1.096116730184336,0.464495688551227,0.03991356418940068,0.17106097200498843,1.0,0.0,1.0,0.0,5363940.505619047,407.8542857142857,0,0.0,0.0,0.0,1161.351939127516,149099.72359541003
141,0.08613099134848749,0.1478122819916897,1.096116730184336,0.464495688551227,0.03991356418940068,0.17106097200498843,1.0,0.0,1.0,0.0,5363940.505619047,407.8542857142857,0,0.0,0.0,0.0,1163.2608182912647,149041.8770015604
142,0.08613099134848749,0.1478122819916897,1.096116730184336,0.464495688551227,0.03991356418940068,0.17106097200498843,1.0,0.0,1.0,0.0,5363940.505619047,407.8542857142857,0,0.0,0.0,0.0,1164.8097691925773,148852.10542978533
143,0.08613099134848749,0.1478122819916897,1.096116730184336,0.464495688551227,0.03991356418940068,0.17106097200498843,1.0,0.0,1.0,0.0,5363940.505619047,407.8542857142857,0,0.0,0.0,0.0,1169.1418589127288,148755.02450174527
144,0.08613099134848749,0.1478122819916897,1.096116730184336,0.464495688551227,0.03991356418940068,0.17106097200498843,1.0,0.0,1.0,0.0,5363940.505619047,407.8542857142857,0,0.0,0.0,0.0,1161.1490126020035,148662.14487877183
145,0.08780688785954135,0.14787946327258414,1.0682927299343192,0.45528682543341226,0.07595109805680643,0.2070003690505375,1.0,0.0,1.0,0.0,5363940.505619047,407.8542857142857,0,0.0,0.0,0.0,1161.0568788318176,148622.91399538665
146,0.08780688785954135,0.14787946327258414,1.0682927299343192,0.45528682543341226,0.07595109805680643,0.2070003690505375,1.0,0.0,1.0,0.0,5363940.505619047,407.8542857142857,0,0.0,0.0,0.0,1161.0276833613052,148581.27226368219
147,0.08780688785954135,0.14787946327258414,1.0682927299343192,0.45528682543341226,0.07595109805680643,0.2070003690505375,1.0,0.0,1.0,0.0,5363940.505619047,407.8542857142857,0,0.0,0.0,0.0,1162.5651513163991,148586.68124186996
148,0.08780688785954135,0.14787946327258414,1.0682927299343192,0.45528682543341226,0.07595109805680643,0.2070003690505375,1.0,0.0,1.0,0.0,5363940.505619047,407.8542857142857,0,0.0,0.0,0.0,1161.0573150004573,148838.9469642977
149,0.08780688785954135,0.14787946327258414,1.0682927299343192,0.45528682543341226,0.07595109805680643,0.2070003690505375,1.0,0.0,1.0,0.0,5363940.505619047,407.8542857142857,0,0.0,0.0,0.0,1161.4136973434674,148943.96552668195
150,0.0893034891730974,0.14772824245977428,1.0599401081216255,0.45086868236945143,0.0693651577220446,0.20791646851156415,1.0,0.0,1.0,0.0,5363940.505619047,407.8542857142857,0,0.0,0.0,0.0,1161.0670707318948,149008.65139548236
151,0.0893034891730974,0.14772824245977428,1.0599401081216255,0.45086868236945143,0.0693651577220446,0.20791646851156415,1.0,0.0,1.0,0.0,5363940.505619047,407.8542857142857,0,0.0,0.0,0.0,1161.3570543704518,149121.00186406772
152,0.0893034891730974,0.14772824245977428,1.0599401081216255,0.45086868236945143,0.0693651577220446,0.20791646851156415,1.0,0.0,1.0,0.0,5363940.505619047,407.8542857142857,0,0.0,0.0,0.0,1162.2412181075758,149444.26082056997
153,0.0893034891730974,0.14772824245977428,1.0599401081216255,0.45086868236945143,0.0693651577220446,0.20791646851156415,1.0,0.0,1.0,0.0,5363940.505619047,407.8542857142857,0,0.0,0.0,0.0,1160.8514790339138,149577.92199095
154,0.0893034891730974,0.14772824245977428,1.0599401081216255,0.45086868236945143,0.0693651577220446,0.20791646851156415,1.0,0.0,1.0,0.0,5363940.505619047,407.8542857142857,0,0.0,0.0,0.0,1161.237187731053,149589.3058851733
155,0.08982790717451111,0.14771706595258677,1.0515103593991888,0.4480321414811639,0.09205748596307929,0.2260306190238232,1.0,0.0,1.0,0.0,5363940.505619047,407.8542857142857,0,0.0,0.0,0.0,1160.7036822710595,149393.4242341365
156,0.08982790717451111,0.14771706595258677,1.0515103593991888,0.4480321414811639,0.09205748596307929,0.2260306190238232,1.0,0.0,1.0,0.0,5363940.505619047,407.8542857142857,0,0.0,0.0,0.0,1160.6673309433963,149277.15152853067
157,0.08982790717451111,0.14771706595258677,1.0515103593991888,0.4480321414811639,0.09205748596307929,0.2260306190238232,1.0,0.0,1.0,0.0,5363940.505619047,407.8542857142857,0,0.0,0.0,0.0,1161.377420952165,149158.5952077057
158,0.08982790717451111,0.14771706595258677,1.0515103593991888,0.4480321414811639,0.09205748596307929,0.2260306190238232,1.0,0.0,1.0,0.0,5363940.505619047,407.8542857142857,0,0.0,0.0,0.0,1160.7570842045254,149107.5677152883
159,0.08982790717451111,0.14771706595258677,1.0515103593991888,0.4480321414811639,0.09205748596307929,0.2260306190238232,1.0,0.0,1.0,0.0,5363940.505619047,407.8542857142857,0,0.0,0.0,0.0,1162.7324738607438,148840.90074546522
160,0.09266303013755967,0.1479387935072856,1.0337849954833538,0.44494350711726394,0.12699766679271682,0.28659100785947356,1.0,0.0,1.0,0.0,5363940.505619047,407.8542857142857,0,0.0,0.0,0.0,1162.304907633459,148804.95555688615
161,0.09266303013755967,0.1479387935072856,1.0337849954833538,0.44494350711726394,0.12699766679271682,0.28659100785947356,1.0,0.0,1.0,0.0,5363940.505619047,407.8542857142857,0,0.0,0.0,0.0,1161.1602313344454,148620.0241233144
162,0.09266303013755967,0.1479387935072856,1.0337849954833538,0.44494350711726394,0.12699766679271682,0.28659100785947356,1.0,0.0,1.0,0.0,5363940.505619047,407.8542857142857,0,0.0,0.0,0.0,1162.5816189042246,148765.22452770034
163,0.09266303013755967,0.1479387935072856,1.0337849954833538,0.44494350711726394,0.12699766679271682,0.28659100785947356,1.0,0.0,1.0,0.0,5363940.505619047,407.8542857142857,0,0.0,0.0,0.0,1167.5612317725002,148961.24132136075
164,0.09266303013755967,0.1479387935072856,1.0337849954833538,0.44494350711726394,0.12699766679271682,0.28659100785947356,1.0,0.0,1.0,0.0,5363940.505619047,407.8542857142857,0,0.0,0.0,0.0,1180.3524818687986,149045.48864910056
165,0.09282387631676549,0.14809778425161935,1.0299480079324281,0.4410858453320306,0.1323682393994645,0.26880257489163595,1.0,0.0,1.0,0.0,5363940.505619047,407.8542857142857,0,0.0,0.0,0.0,1188.737407669942,149212.21845872002
166,0.09282387631676549,0.14809778425161935,1.0299480079324281,0.4410858453320306,0.1323682393994645,0.26880257489163595,1.0,0.0,1.0,0.0,5363940.505619047,407.8542857142857,0,0.0,0.0,0.0,1173.9222546791368,149103.7602166937
167,0.09282387631676549,0.14809778425161935,1.0299480079324281,0.4410858453320306,0.1323682393994645,0.26880257489163595,1.0,0.0,1.0,0.0,5363940.505619047,407.8542857142857,0,0.0,0.0,0.0,1161.1650722666031,149123.8502505523
168,0.09282387631676549,0.14809778425161935,1.0299480079324281,0.4410858453320306,0.1323682393994645,0.26880257489163595,1.0,0.0,1.0,0.0,5363940.505619047,407.8542857142857,0,0.0,0.0,0.0,1162.0565733193766,149302.24722554514
169,0.09282387631676549,0.14809778425161935,1.0299480079324281,0.4410858453320306,0.1323682393994645,0.26880257489163595,1.0,0.0,1.0,0.0,5363940.505619047,407.8542857142857,0,0.0,0.0,0.0,1162.9438499964772,149564.2172751729
170,0.09328566999366669,0.14812476751358877,1.0252148848969942,0.4344943356949971,0.13121064934678087,0.2736326368851106,1.0,0.0,1.0,0.0,5363940.505619047,407.8542857142857,0,0.0,0.0,0.0,1159.4629561584563,149613.48205547346
171,0.09328566999366669,0.14812476751358877,1.0252148848969942,0.4344943356949971,0.13121064934678087,0.2736326368851106,1.0,0.0,1.0,0.0,5363940.505619047,407.8542857142857,0,0.0,0.0,0.0,1158.150590576963,149613.5744780271
172,0.09328566999366669,0.14812476751358877,1.0252148848969942,0.4344943356949971,0.13121064934678087,0.2736326368851106,1.0,0.0,1.0,0.0,5363940.505619047,407.8542857142857,0,0.0,0.0,0.0,1156.9718472952031,149606.639321337
173,0.09328566999366669,0.14812476751358877,1.0252148848969942,0.4344943356949971,0.13121064934678087,0.2736326368851106,1.0,0.0,1.0,0.0,5363940.505619047,407.8542857142857,0,0.0,0.0,0.0,1156.0521324775223,149527.42646501458
174,0.09328566999366669,0.14812476751358877,1.0252148848969942,0.4344943356949971,0.13121064934678087,0.2736326368851106,1.0,0.0,1.0,0.0,5363940.505619047,407.8542857142857,0,0.0,0.0,0.0,1155.9546963114383,149675.8095832775
175,0.09424954177584154,0.14775838944921804,1.0147273770279843,0.43121430675875666,0.1668326191962479,0.3049490804757394,1.0,0.0,1.0,0.0,5363940.505619047,407.8542857142857,0,0.0,0.0,0.0,1153.3919960698101,149668.91855151937
176,0.09424954177584154,0.14775838944921804,1.0147273770279843,0.43121430675875666,0.1668326191962479,0.3049490804757394,1.0,0.0,1.0,0.0,5363940.505619047,407.8542857142857,0,0.0,0.0,0.0,1154.001070057486,149715.97760522173
177,0.09424954177584154,0.14775838944921804,1.0147273770279843,0.43121430675875666,0.1668326191962479,0.3049490804757394,1.0,0.0,1.0,0.0,5363940.505619047,407.8542857142857,0,0.0,0.0,0.0,1152.2745105854078,149883.33598389456
178,0.09424954177584154,0.14775838944921804,1.0147273770279843,0.43121430675875666,0.1668326191962479,0.3049490804757394,1.0,0.0,1.0,0.0,5363940.505619047,407.8542857142857,0,0.0,0.0,0.0,1152.7322642929628,150238.94705032828
179,0.09424954177584154,0.14775838944921804,1.0147273770279843,0.43121430675875666,0.1668326191962479,0.3049490804757394,1.0,0.0,1.0,0.0,5363940.505619047,407.8542857142857,0,0.0,0.0,0.0,1153.3451454731478,150246.14462868328
180,0.09555278374650535,0.14739352372025355,1.002746314226068,0.42395263078036305,0.19711754132649642,0.2981751169404444,1.0,0.0,1.0,0.0,5363940.505619047,407.8542857142857,0,0.0,0.0,0.0,1156.7963433517864,150486.8936073141
181,0.09555278374650535,0.14739352372025355,1.002746314226068,0.42395263078036305,0.19711754132649642,0.2981751169404444,1.0,0.0,1.0,0.0,5363940.505619047,407.8542857142857,0,0.0,0.0,0.0,1155.951499556868,150771.65901086034
182,0.09555278374650535,0.14739352372025355,1.002746314226068,0.42395263078036305,0.19711754132649642,0.2981751169404444,1.0,0.0,1.0,0.0,5363940.505619047,407.8542857142857,0,0.0,0.0,0.0,1157.2474621534247,150939.10310852464
183,0.09555278374650535,0.14739352372025355,1.002746314226068,0.42395263078036305,0.19711754132649642,0.2981751169404444,1.0,0.0,1.0,0.0,5363940.505619047,407.8542857142857,0,0.0,0.0,0.0,1166.9760135716688,150835.48273913548
184,0.09555278374650535,0.14739352372025355,1.002746314226068,0.42395263078036305,0.19711754132649642,0.2981751169404444,1.0,0.0,1.0,0.0,5363940.505619047,407.8542857142857,0,0.0,0.0,0.0,1150.9447628304051,150887.2826558045
185,0.09764487048282247,0.1490023434154455,0.9835959930845041,0.4071376407253781,0.18996092066387052,0.30228458409018005,1.0,0.0,1.0,0.0,5363940.505619047,407.8542857142857,0,0.0,0.0,0.0,1150.8132432021878,150999.03796610722
186,0.09764487048282247,0.1490023434154455,0.9835959930845041,0.4071376407253781,0.18996092066387052,0.30228458409018005,1.0,0.0,1.0,0.0,5363940.505619047,407.8542857142857,0,0.0,0.0,0.0,1150.805715261937,151071.54267724452
187,0.09764487048282247,0.1490023434154455,0.9835959930845041,0.4071376407253781,0.18996092066387052,0.30228458409018005,1.0,0.0,1.0,0.0,5363940.505619047,407.8542857142857,0,0.0,0.0,0.0,1150.3181500781773,151046.56485153746
188,0.09764487048282247,0.1490023434154455,0.9835959930845041,0.4071376407253781,0.18996092066387052,0.30228458409018005,1.0,0.0,1.0,0.0,5363940.505619047,407.8542857142857,0,0.0,0.0,0.0,1150.3632498478312,151097.2621576927
189,0.09764487048282247,0.1490023434154455,0.9835959930845041,0.4071376407253781,0.18996092066387052,0.30228458409018005,1.0,0.0,1.0,0.0,5363486.591396824,407.8542857142857,0,0.0,0.0,0.0,1150.2231807722599,151068.92381956082
190,0.10002347928589878,0.14969175851345265,0.9756259716254037,0.4057696989247388,0.16969841244277659,0.3047204966106492,1.0,0.0,1.0,0.0,5363486.591396824,407.8542857142857,0,0.0,0.0,0.0,1148.7828129091135,150940.81870384858
191,0.10002347928589878,0.14969175851345265,0.9756259716254037,0.4057696989247388,0.16969841244277659,0.3047204966106492,1.0,0.0,1.0,0.0,5363171.373186948,407.8542857142857,0,0.0,0.0,0.0,1150.872548473599,150939.44342584902
192,0.10002347928589878,0.14969175851345265,0.9756259716254037,0.4057696989247388,0.16969841244277659,0.3047204966106492,1.0,0.0,1.0,0.0,5363171.373186948,407.8542857142857,0,0.0,0.0,0.0,1153.5210689398666,150921.38408040843
193,0.10002347928589878,0.14969175851345265,0.9756259716254037,0.4057696989247388,0.16969841244277659,0.3047204966106492,1.0,0.0,1.0,0.0,5363171.373186948,407.8542857142857,0,0.0,0.0,0.0,1155.0687962809195,150985.36550047796
194,0.10002347928589878,0.14969175851345265,0.9756259716254037,0.4057696989247388,0.16969841244277659,0.3047204966106492,1.0,0.0,1.0,0.0,5361217.020285714,407.8542857142857,0,0.0,0.0,0.0,1158.5202885148437,150962.31769405425
195,0.1091586632111108,0.15592488382189462,0.9506951579274567,0.41282790323044205,0.15881227729741068,0.293043409714114,1.0,0.0,1.0,0.0,5361217.020285714,407.8542857142857,0,0.0,0.0,0.0,1142.7868035385115,150988.49529356908
196,0.1091586632111108,0.15592488382189462,0.9506951579274567,0.41282790323044205,0.15881227729741068,0.293043409714114,1.0,0.0,1.0,0.0,5361217.020285714,407.8542857142857,0,0.0,0.0,0.0,1140.849241505221,150792.70171296634
197,0.1091586632111108,0.15592488382189462,0.9506951579274567,0.41282790323044205,0.15881227729741068,0.293043409714114,1.0,0.0,1.0,0.0,5361217.020285714,407.8542857142857,0,0.0,0.0,0.0,1141.2287019068394,151017.09544128494
198,0.1091586632111108,0.15592488382189462,0.9506951579274567,0.41282790323044205,0.15881227729741068,0.293043409714114,1.0,0.0,1.0,0.0,5361217.020285714,407.8542857142857,0,0.0,0.0,0.0,1138.2883019645085,151136.34154985572
199,0.1091586632111108,0.15592488382189462,0.9506951579274567,0.41282790323044205,0.15881227729741068,0.293043409714114,1.0,0.0,1.0,0.0,5358428.5156395035,407.8542857142857,0,0.0,0.0,0.0,1137.2637660151306,151469.51666388198
200,0.12034955537264244,0.16173023159130623,0.9252376933204738,0.4168285733732592,0.15439327748102102,0.31030620515629376,1.0,0.0,1.0,0.0,5358428.5156395035,407.8542857142857,0,0.0,0.0,0.0,1135.084362222803,151584.48634591437
201,0.12034955537264244,0.16173023159130623,0.9252376933204738,0.4168285733732592,0.15439327748102102,0.31030620515629376,1.0,0.0,1.0,0.0,5358428.5156395035,407.8542857142857,0,0.0,0.0,0.0,1132.2848680463906,151688.31355785372
202,0.12034955537264244,0.16173023159130623,0.9252376933204738,0.4168285733732592,0.15439327748102102,0.31030620515629376,1.0,0.0,1.0,0.0,5358428.5156395035,407.8542857142857,0,0.0,0.0,0.0,1135.1184611409833,151780.47278690388
203,0.12034955537264244,0.16173023159130623,0.9252376933204738,0.4168285733732592,0.15439327748102102,0.31030620515629376,1.0,0.0,1.0,0.0,5358428.5156395035,407.8542857142857,0,0.0,0.0,0.0,1130.9834437046943,151686.16630725653
204,0.12034955537264244,0.16173023159130623,0.9252376933204738,0.4168285733732592,0.15439327748102102,0.31030620515629376,1.0,0.0,1.0,0.0,5358428.5156395035,407.8542857142857,0,0.0,0.0,0.0,1131.6486062972224,151810.85590901846
205,0.12320114635066505,0.16279836791634197,0.9206516414246854,0.41834490655747913,0.19138558410930248,0.3198501342572407,1.0,0.0,1.0,0.0,5358428.5156395035,407.8542857142857,0,0.0,0.0,0.0,1130.3934952847117,151580.16040743346
206,0.12320114635066505,0.16279836791634197,0.9206516414246854,0.41834490655747913,0.19138558410930248,0.3198501342572407,1.0,0.0,1.0,0.0,5358428.5156395035,407.8542857142857,0,0.0,0.0,0.0,1129.6493575560082,151471.02172727315
207,0.12320114635066505,0.16279836791634197,0.9206516414246854,0.41834490655747913,0.19138558410930248,0.3198501342572407,1.0,0.0,1.0,0.0,5358428.5156395035,407.8542857142857,0,0.0,0.0,0.0,1129.156060475663,151650.13126231785
208,0.12320114635066505,0.16279836791634197,0.9206516414246854,0.41834490655747913,0.19138558410930248,0.3198501342572407,1.0,0.0,1.0,0.0,5358428.5156395035,407.8542857142857,0,0.0,0.0,0.0,1129.4243425327734,151618.619988227
209,0.12320114635066505,0.16279836791634197,0.9206516414246854,0.41834490655747913,0.19138558410930248,0.3198501342572407,1.0,0.0,1.0,0.0,5358428.5156395035,407.8542857142857,0,0.0,0.0,0.0,1129.5434773688728,151501.94289978413
210,0.12807819958686842,0.16825244566443384,0.9179729601107035,0.4164759701633107,0.1162134483294762,0.24429494543479138,1.0,0.0,1.0,0.0,5358428.5156395035,407.8542857142857,0,0.0,0.0,0.0,1129.8698870255182,151675.25765122476
211,0.12807819958686842,0.16825244566443384,0.9179729601107035,0.4164759701633107,0.1162134483294762,0.24429494543479138,1.0,0.0,1.0,0.0,5358428.5156395035,407.8542857142857,0,0.0,0.0,0.0,1129.2346521047361,151979.43920466548
212,0.12807819958686842,0.16825244566443384,0.9179729601107035,0.4164759701633107,0.1162134483294762,0.24429494543479138,1.0,0.0,1.0,0.0,5358152.000842443,407.8542857142857,0,0.0,0.0,0.0,1130.796101474877,152164.25964224915
213,0.12807819958686842,0.16825244566443384,0.9179729601107035,0.4164759701633107,0.1162134483294762,0.24429494543479138,1.0,0.0,1.0,0.0,5358152.000842443,407.8542857142857,0,0.0,0.0,0.0,1133.8247881749605,152291.18047700665
214,0.12807819958686842,0.16825244566443384,0.9179729601107035,0.4164759701633107,0.1162134483294762,0.24429494543479138,1.0,0.0,1.0,0.0,5358152.000842443,407.8542857142857,0,0.0,0.0,0.0,1139.0492498710885,152270.08781900897
215,0.13281712504694548,0.17646051071458468,0.9136451606550992,0.4194577504681968,0.19170178967182946,0.3131385405006945,1.0,0.0,1.0,0.0,5357998.500674695,407.8542857142857,0,0.0,0.0,0.0,1156.4536397969543,152248.19326487873
216,0.13281712504694548,0.17646051071458468,0.9136451606550992,0.4194577504681968,0.19170178967182946,0.3131385405006945,1.0,0.0,1.0,0.0,5357460.713849793,407.8542857142857,0,0.0,0.0,0.0,1175.4558873752646,152312.64781765407
217,0.13281712504694548,0.17646051071458468,0.9136451606550992,0.4194577504681968,0.19170178967182946,0.3131385405006945,1.0,0.0,1.0,0.0,5357460.713849793,407.8542857142857,0,0.0,0.0,0.0,1194.575064595818,152362.7547934419
218,0.13281712504694548,0.17646051071458468,0.9136451606550992,0.4194577504681968,0.19170178967182946,0.3131385405006945,1.0,0.0,1.0,0.0,5357460.713849793,407.8542857142857,0,0.0,0.0,0.0,1168.572303563747,152174.33895930776
219,0.13281712504694548,0.17646051071458468,0.9136451606550992,0.4194577504681968,0.19170178967182946,0.3131385405006945,1.0,0.0,1.0,0.0,5357345.499351018,407.8542857142857,0,0.0,0.0,0.0,1150.4213662329655,151941.74118135244
220,0.1357683021611084,0.17890236585714547,0.9072755265537662,0.415456012874159,0.24012589286143862,0.3450099139268247,1.0,0.0,1.0,0.0,5357345.499351018,407.8542857142857,0,0.0,0.0,0.0,1126.6825527698377,151994.7236984255
221,0.1357683021611084,0.17890236585714547,0.9072755265537662,0.415456012874159,0.24012589286143862,0.3450099139268247,1.0,0.0,1.0,0.0,5357345.499351018,407.8542857142857,0,0.0,0.0,0.0,1129.5447902094843,152053.57490515502
222,0.1357683021611084,0.17890236585714547,0.9072755265537662,0.415456012874159,0.24012589286143862,0.3450099139268247,1.0,0.0,1.0,0.0,5357249.487268706,407.8542857142857,0,0.0,0.0,0.0,1127.8639429340758,152137.9229400177
223,0.1357683021611084,0.17890236585714547,0.9072755265537662,0.415456012874159,0.24012589286143862,0.3450099139268247,1.0,0.0,1.0,0.0,5357169.477200112,407.8542857142857,0,0.0,0.0,0.0,1127.8285516634808,152072.43583752488
224,0.1357683021611084,0.17890236585714547,0.9072755265537662,0.415456012874159,0.24012589286143862,0.3450099139268247,1.0,0.0,1.0,0.0,5357102.802142951,407.8542857142857,0,0.0,0.0,0.0,1127.6987836712985,152207.01750411594
225,0.13721330953032346,0.1809476198944197,0.9058778548070043,0.4159711068670169,0.2335324558632529,0.3282324531430403,1.0,0.0,1.0,0.0,5357047.239595316,407.8542857142857,0,0.0,0.0,0.0,1126.2615932679257,152167.26536454185
226,0.13721330953032346,0.1809476198944197,0.9058778548070043,0.4159711068670169,0.2335324558632529,0.3282324531430403,1.0,0.0,1.0,0.0,5356769.426857144,407.8542857142857,0,0.0,0.0,0.0,1126.2262019973307,152083.23458868396
227,0.13721330953032346,0.1809476198944197,0.9058778548070043,0.4159711068670169,0.2335324558632529,0.3282324531430403,1.0,0.0,1.0,0.0,5356769.426857144,407.8542857142857,0,0.0,0.0,0.0,1126.1996123818574,152051.33788875368
228,0.13721330953032346,0.1809476198944197,0.9058778548070043,0.4159711068670169,0.2335324558632529,0.3282324531430403,1.0,0.0,1.0,0.0,5356769.426857144,407.8542857142857,0,0.0,0.0,0.0,1126.1996123818574,152216.97751228433
229,0.13721330953032346,0.1809476198944197,0.9058778548070043,0.4159711068670169,0.2335324558632529,0.3282324531430403,1.0,0.0,1.0,0.0,5356769.426857144,407.8542857142857,0,0.0,0.0,0.0,1126.1996123818574,152183.54248548512
230,0.13776892655267708,0.1814922797942008,0.9043977455763027,0.4159697695712638,0.24301798029587376,0.34510291803666715,1.0,0.0,1.0,0.0,5356769.426857144,407.8542857142857,0,0.0,0.0,0.0,1126.616544507937,152223.00260391255
231,0.13776892655267708,0.1814922797942008,0.9043977455763027,0.4159697695712638,0.24301798029587376,0.34510291803666715,1.0,0.0,1.0,0.0,5356769.426857144,407.8542857142857,0,0.0,0.0,0.0,1126.616544507937,152181.07447016035
232,0.13776892655267708,0.1814922797942008,0.9043977455763027,0.4159697695712638,0.24301798029587376,0.34510291803666715,1.0,0.0,1.0,0.0,5356769.426857144,407.8542857142857,0,0.0,0.0,0.0,1128.2844149841274,152255.39468126494
233,0.13776892655267708,0.1814922797942008,0.9043977455763027,0.4159697695712638,0.24301798029587376,0.34510291803666715,1.0,0.0,1.0,0.0,5356769.426857144,407.8542857142857,0,0.0,0.0,0.0,1126.1571428571433,152298.48120517083
234,0.13776892655267708,0.1814922797942008,0.9043977455763027,0.4159697695712638,0.24301798029587376,0.34510291803666715,1.0,0.0,1.0,0.0,5356769.426857144,407.8542857142857,0,0.0,0.0,0.0,1126.1571428571433,152381.08802224285
235,0.13814120280581105,0.18165195992049027,0.9033145785701489,0.4157574909513315,0.31574617342240086,0.4565503086990519,1.0,0.0,1.0,0.0,5356769.426857144,407.8542857142857,0,0.0,0.0,0.0,1127.8250133333338,152289.26586316444
236,0.13814120280581105,0.18165195992049027,0.9033145785701489,0.4157574909513315,0.31574617342240086,0.4565503086990519,1.0,0.0,1.0,0.0,5356769.426857144,407.8542857142857,0,0.0,0.0,0.0,1132.8286247619048,152231.94499867086
237,0.13814120280581105,0.18165195992049027,0.9033145785701489,0.4157574909513315,0.31574617342240086,0.4565503086990519,1.0,0.0,1.0,0.0,5356769.426857144,407.8542857142857,0,0.0,0.0,0.0,1136.6237673650796,152073.13120620075
238,0.13814120280581105,0.18165195992049027,0.9033145785701489,0.4157574909513315,0.31574617342240086,0.4565503086990519,1.0,0.0,1.0,0.0,5356769.426857144,407.8542857142857,0,0.0,0.0,0.0,1150.8006664126988,152069.16641280957
239,0.13814120280581105,0.18165195992049027,0.9033145785701489,0.4157574909513315,0.31574617342240086,0.4565503086990519,1.0,0.0,1.0,0.0,5356769.426857144,407.8542857142857,0,0.0,0.0,0.0,1126.1571428571433,152080.05912228648
240,0.1398676245550982,0.18194593583405802,0.8944672049334206,0.3993219062169717,0.24334175327068455,0.34066226134686406,1.0,0.0,1.0,0.0,5356769.426857144,407.8542857142857,0,0.0,0.0,0.0,1126.1571428571433,152036.03592020832
241,0.1398676245550982,0.18194593583405802,0.8944672049334206,0.3993219062169717,0.24334175327068455,0.34066226134686406,1.0,0.0,1.0,0.0,5356769.426857144,407.8542857142857,0,0.0,0.0,0.0,1126.7728222857147,152141.17831057744
242,0.1398676245550982,0.18194593583405802,0.8944672049334206,0.3993219062169717,0.24334175327068455,0.34066226134686406,1.0,0.0,1.0,0.0,5356769.426857144,407.8542857142857,0,0.0,0.0,0.0,1127.0759461587304,152107.27100514944
243,0.1398676245550982,0.18194593583405802,0.8944672049334206,0.3993219062169717,0.24334175327068455,0.34066226134686406,1.0,0.0,1.0,0.0,5356769.426857144,407.8542857142857,0,0.0,0.0,0.0,1128.4541511111115,152209.19253072276
244,0.1398676245550982,0.18194593583405802,0.8944672049334206,0.3993219062169717,0.24334175327068455,0.34066226134686406,1.0,0.0,1.0,0.0,5356769.426857144,407.8542857142857,0,0.0,0.0,0.0,1131.3760848005554,152248.70487779658
245,0.1405561496144912,0.18247999706829687,0.8606858165285816,0.33369456448175433,0.20837158530422759,0.30272752444892753,1.0,0.0,1.0,0.0,5356769.426857144,407.8542857142857,0,0.0,0.0,0.0,1131.292603489562,152324.8478250866
246,0.1405561496144912,0.18247999706829687,0.8606858165285816,0.33369456448175433,0.20837158530422759,0.30272752444892753,1.0,0.0,1.0,0.0,5356769.426857144,407.8542857142857,0,0.0,0.0,0.0,1134.1463397970426,152239.27608214226
247,0.1405561496144912,0.18247999706829687,0.8606858165285816,0.33369456448175433,0.20837158530422759,0.30272752444892753,1.0,0.0,1.0,0.0,5356769.426857144,407.8542857142857,0,0.0,0.0,0.0,1132.9176695554816,152295.82344650157
248,0.1405561496144912,0.18247999706829687,0.8606858165285816,0.33369456448175433,0.20837158530422759,0.30272752444892753,1.0,0.0,1.0,0.0,5356769.426857144,407.8542857142857,0,0.0,0.0,0.0,1133.5587610974692,152372.88921064357
249,0.1405561496144912,0.18247999706829687,0.8606858165285816,0.33369456448175433,0.20837158530422759,0.30272752444892753,1.0,0.0,1.0,0.0,5356769.426857144,407.8542857142857,0,0.0,0.0,0.0,1131.2899443544304,152461.7253683325
250,0.1416207202446679,0.18196680629469564,0.854453499895434,0.32678326705099786,0.2328816458493993,0.322618694792607,1.0,0.0,1.0,0.0,5356769.426857144,407.8542857142857,0,0.0,0.0,0.0,1130.623870134678,152611.23315520812
251,0.1416207202446679,0.18196680629469564,0.854453499895434,0.32678326705099786,0.2328816458493993,0.322618694792607,1.0,0.0,1.0,0.0,5356769.426857144,407.8542857142857,0,0.0,0.0,0.0,1131.6862596134717,152660.56867217965
252,0.1416207202446679,0.18196680629469564,0.854453499895434,0.32678326705099786,0.2328816458493993,0.322618694792607,1.0,0.0,1.0,0.0,5356769.426857144,407.8542857142857,0,0.0,0.0,0.0,1130.9684230906632,152534.9607284898
253,0.1416207202446679,0.18196680629469564,0.854453499895434,0.32678326705099786,0.2328816458493993,0.322618694792607,1.0,0.0,1.0,0.0,5356769.426857144,407.8542857142857,0,0.0,0.0,0.0,1129.4941316856296,152427.56873055993
254,0.1416207202446679,0.18196680629469564,0.854453499895434,0.32678326705099786,0.2328816458493993,0.322618694792607,1.0,0.0,1.0,0.0,5356769.426857144,407.8542857142857,0,0.0,0.0,0.0,1129.5260523924278,152574.88685635902
255,0.14808205327558907,0.18122825589242267,0.8404516958166102,0.32794466625184954,0.2662038394314599,0.3359115555952739,1.0,0.0,1.0,0.0,5356769.426857144,407.8542857142857,0,0.0,0.0,0.0,1129.2638573948,152646.1479657406
256,0.14808205327558907,0.18122825589242267,0.8404516958166102,0.32794466625184954,0.2662038394314599,0.3359115555952739,1.0,0.0,1.0,0.0,5356769.426857144,407.8542857142857,0,0.0,0.0,0.0,1129.4438595700333,152761.02728118227
257,0.14808205327558907,0.18122825589242267,0.8404516958166102,0.32794466625184954,0.2662038394314599,0.3359115555952739,1.0,0.0,1.0,0.0,5356769.426857144,407.8542857142857,0,0.0,0.0,0.0,1129.0857776986109,152626.8527389053
258,0.14808205327558907,0.18122825589242267,0.8404516958166102,0.32794466625184954,0.2662038394314599,0.3359115555952739,1.0,0.0,1.0,0.0,5356769.426857144,407.8542857142857,0,0.0,0.0,0.0,1129.4242273673522,152610.15316622605
259,0.14808205327558907,0.18122825589242267,0.8404516958166102,0.32794466625184954,0.2662038394314599,0.3359115555952739,1.0,0.0,1.0,0.0,5356769.426857144,407.8542857142857,0,0.0,0.0,0.0,1129.0973641926532,152627.5437955014
260,0.15456116931391145,0.18051212289608576,0.8283027632264954,0.3254366513190306,0.2836266120336023,0.3351453444961882,1.0,0.0,1.0,0.0,5356769.426857144,407.8542857142857,0,0.0,0.0,0.0,1128.6860317887108,152631.62427448912
261,0.15456116931391145,0.18051212289608576,0.8283027632264954,0.3254366513190306,0.2836266120336023,0.3351453444961882,1.0,0.0,1.0,0.0,5356769.426857144,407.8542857142857,0,0.0,0.0,0.0,1128.6371554506854,152753.6793202372
262,0.15456116931391145,0.18051212289608576,0.8283027632264954,0.3254366513190306,0.2836266120336023,0.3351453444961882,1.0,0.0,1.0,0.0,5356769.426857144,407.8542857142857,0,0.0,0.0,0.0,1128.6420236828114,152501.55033867402
263,0.15456116931391145,0.18051212289608576,0.8283027632264954,0.3254366513190306,0.2836266120336023,0.3351453444961882,1.0,0.0,1.0,0.0,5356769.426857144,407.8542857142857,0,0.0,0.0,0.0,1128.2038812829812,152354.38773405142
264,0.15456116931391145,0.18051212289608576,0.8283027632264954,0.3254366513190306,0.2836266120336023,0.3351453444961882,1.0,0.0,1.0,0.0,5356769.426857144,407.8542857142857,0,0.0,0.0,0.0,1128.3699480013022,152306.07263167942
265,0.1550759070703453,0.18052963583767265,0.8257880314804179,0.3244934676224279,0.3027453296981821,0.3398207022241891,1.0,0.0,1.0,0.0,5356769.426857144,407.8542857142857,0,0.0,0.0,0.0,1128.1568723118683,152360.00645030462
266,0.1550759070703453,0.18052963583767265,0.8257880314804179,0.3244934676224279,0.3027453296981821,0.3398207022241891,1.0,0.0,1.0,0.0,5356769.426857144,407.8542857142857,0,0.0,0.0,0.0,1128.637217367388,152538.37324762132
267,0.1550759070703453,0.18052963583767265,0.8257880314804179,0.3244934676224279,0.3027453296981821,0.3398207022241891,1.0,0.0,1.0,0.0,5356769.426857144,407.8542857142857,0,0.0,0.0,0.0,1128.8617120993251,152644.66102591838
268,0.1550759070703453,0.18052963583767265,0.8257880314804179,0.3244934676224279,0.3027453296981821,0.3398207022241891,1.0,0.0,1.0,0.0,5356769.426857144,407.8542857142857,0,0.0,0.0,0.0,1129.5511308212808,152610.46085627
269,0.1550759070703453,0.18052963583767265,0.8257880314804179,0.3244934676224279,0.3027453296981821,0.3398207022241891,1.0,0.0,1.0,0.0,5356769.426857144,407.8542857142857,0,0.0,0.0,0.0,1129.9483507988584,152524.91039753272
270,0.16347628897798058,0.1829783104943466,0.8160955023594462,0.33073898101448257,0.3042439376850786,0.3377180499253214,1.0,0.0,1.0,0.0,5356769.426857144,407.8542857142857,0,0.0,0.0,0.0,1129.6478199204655,152470.84979224924
271,0.16347628897798058,0.1829783104943466,0.8160955023594462,0.33073898101448257,0.3042439376850786,0.3377180499253214,1.0,0.0,1.0,0.0,5356769.426857144,407.8542857142857,0,0.0,0.0,0.0,1127.210889583404,152536.06436178586
272,0.16347628897798058,0.1829783104943466,0.8160955023594462,0.33073898101448257,0.3042439376850786,0.3377180499253214,1.0,0.0,1.0,0.0,5356769.426857144,407.8542857142857,0,0.0,0.0,0.0,1130.6133850737992,152530.13009545716
273,0.16347628897798058,0.1829783104943466,0.8160955023594462,0.33073898101448257,0.3042439376850786,0.3377180499253214,1.0,0.0,1.0,0.0,5356769.426857144,407.8542857142857,0,0.0,0.0,0.0,1129.5337893250396,152648.73369859444
274,0.16347628897798058,0.1829783104943466,0.8160955023594462,0.33073898101448257,0.3042439376850786,0.3377180499253214,1.0,0.0,1.0,0.0,5356769.426857144,407.8542857142857,0,0.0,0.0,0.0,1128.6349039366623,152704.98960509108
275,0.16407941135444495,0.18304971248507482,0.8141227466297083,0.3332592749502209,0.2822793306777132,0.3360572132048566,1.0,0.0,1.0,0.0,5356769.426857144,407.8542857142857,0,0.0,0.0,0.0,1126.397153043145,152670.56174117234
276,0.16407941135444495,0.18304971248507482,0.8141227466297083,0.3332592749502209,0.2822793306777132,0.3360572132048566,1.0,0.0,1.0,0.0,5356769.426857144,407.8542857142857,0,0.0,0.0,0.0,1126.3663825064782,152728.51578098602
277,0.16407941135444495,0.18304971248507482,0.8141227466297083,0.3332592749502209,0.2822793306777132,0.3360572132048566,1.0,0.0,1.0,0.0,5356769.426857144,407.8542857142857,0,0.0,0.0,0.0,1126.3356119698112,152718.14187353317
278,0.16407941135444495,0.18304971248507482,0.8141227466297083,0.3332592749502209,0.2822793306777132,0.3360572132048566,1.0,0.0,1.0,0.0,5356769.426857144,407.8542857142857,0,0.0,0.0,0.0,1126.3048414331445,152804.44086151905
279,0.16407941135444495,0.18304971248507482,0.8141227466297083,0.3332592749502209,0.2822793306777132,0.3360572132048566,1.0,0.0,1.0,0.0,5356769.426857144,407.8542857142857,0,0.0,0.0,0.0,1126.3048414331445,152884.63443482033
280,0.1674997478479271,0.18503925334448965,0.8126764423561378,0.3325258483519669,0.2340023463948702,0.3057976965576751,1.0,0.0,1.0,0.0,5356769.426857144,407.8542857142857,0,0.0,0.0,0.0,1126.3048414331445,152984.4436353386
281,0.1674997478479271,0.18503925334448965,0.8126764423561378,0.3325258483519669,0.2340023463948702,0.3057976965576751,1.0,0.0,1.0,0.0,5356769.426857144,407.8542857142857,0,0.0,0.0,0.0,1129.5667330975245,153095.4333050369
282,0.1674997478479271,0.18503925334448965,0.8126764423561378,0.3325258483519669,0.2340023463948702,0.3057976965576751,1.0,0.0,1.0,0.0,5356769.426857144,407.8542857142857,0,0.0,0.0,0.0,1136.2012903582863,153077.47005238855
283,0.1674997478479271,0.18503925334448965,0.8126764423561378,0.3325258483519669,0.2340023463948702,0.3057976965576751,1.0,0.0,1.0,0.0,5356769.426857144,407.8542857142857,0,0.0,0.0,0.0,1126.1940675011435,152951.98422334503
284,0.1674997478479271,0.18503925334448965,0.8126764423561378,0.3325258483519669,0.2340023463948702,0.3057976965576751,1.0,0.0,1.0,0.0,5356769.426857144,407.8542857142857,0,0.0,0.0,0.0,1126.1940675011435,152918.42846807904
285,0.16825938394348514,0.18574482346648438,0.8118834238676164,0.3329796301014135,0.253574796496875,0.31425968916614067,1.0,0.0,1.0,0.0,5356769.426857144,407.8542857142857,0,0.0,0.0,0.0,1126.1940675011435,152952.64342485138
286,0.16825938394348514,0.18574482346648438,0.8118834238676164,0.3329796301014135,0.253574796496875,0.31425968916614067,1.0,0.0,1.0,0.0,5356769.426857144,407.8542857142857,0,0.0,0.0,0.0,1126.1940675011435,152969.61235005272
287,0.16825938394348514,0.18574482346648438,0.8118834238676164,0.3329796301014135,0.253574796496875,0.31425968916614067,1.0,0.0,1.0,0.0,5356769.426857144,407.8542857142857,0,0.0,0.0,0.0,1126.1571428571433,152941.29073421098
288,0.16825938394348514,0.18574482346648438,0.8118834238676164,0.3329796301014135,0.253574796496875,0.31425968916614067,1.0,0.0,1.0,0.0,5356769.426857144,407.8542857142857,0,0.0,0.0,0.0,1126.1571428571433,152950.3149604181
289,0.16825938394348514,0.18574482346648438,0.8118834238676164,0.3329796301014135,0.253574796496875,0.31425968916614067,1.0,0.0,1.0,0.0,5356769.426857144,407.8542857142857,0,0.0,0.0,0.0,1126.1571428571433,153003.064747742
290,0.16848681651799877,0.18572848797706915,0.811108835192303,0.3320263319786562,0.26901535910091146,0.3177562245529462,1.0,0.0,1.0,0.0,5356769.426857144,407.8542857142857,0,0.0,0.0,0.0,1126.1571428571433,152990.60596499735
291,0.16848681651799877,0.18572848797706915,0.811108835192303,0.3320263319786562,0.26901535910091146,0.3177562245529462,1.0,0.0,1.0,0.0,5356769.426857144,407.8542857142857,0,0.0,0.0,0.0,1126.1571428571433,153018.39328498827
292,0.16848681651799877,0.18572848797706915,0.811108835192303,0.3320263319786562,0.26901535910091146,0.3177562245529462,1.0,0.0,1.0,0.0,5356769.426857144,407.8542857142857,0,0.0,0.0,0.0,1127.0759461587304,153029.20373807315
293,0.16848681651799877,0.18572848797706915,0.811108835192303,0.3320263319786562,0.26901535910091146,0.3177562245529462,1.0,0.0,1.0,0.0,5356769.426857144,407.8542857142857,0,0.0,0.0,0.0,1128.2844149841274,153122.51905377005
294,0.16848681651799877,0.18572848797706915,0.811108835192303,0.3320263319786562,0.26901535910091146,0.3177562245529462,1.0,0.0,1.0,0.0,5356769.426857144,407.8542857142857,0,0.0,0.0,0.0,1130.6413879365084,153282.53155197142
295,0.17034816062474897,0.1868732894406247,0.7985237625707203,0.32732344199427804,0.31583526020413694,0.32975784543743947,1.0,0.0,1.0,0.0,5356769.426857144,407.8542857142857,0,0.0,0.0,0.0,1132.3092584126987,153398.45854509063
296,0.17034816062474897,0.1868732894406247,0.7985237625707203,0.32732344199427804,0.31583526020413694,0.32975784543743947,1.0,0.0,1.0,0.0,5356769.426857144,407.8542857142857,0,0.0,0.0,0.0,1142.0268157460318,153350.5130795859
297,0.17034816062474897,0.1868732894406247,0.7985237625707203,0.32732344199427804,0.31583526020413694,0.32975784543743947,1.0,0.0,1.0,0.0,5356769.426857144,407.8542857142857,0,0.0,0.0,0.0,1127.8250133333338,153395.31634038588
298,0.17034816062474897,0.1868732894406247,0.7985237625707203,0.32732344199427804,0.31583526020413694,0.32975784543743947,1.0,0.0,1.0,0.0,5356769.426857144,407.8542857142857,0,0.0,0.0,0.0,1129.4928838095243,153558.9079424626
299,0.17034816062474897,0.1868732894406247,0.7985237625707203,0.32732344199427804,0.31583526020413694,0.32975784543743947,1.0,0.0,1.0,0.0,5356769.426857144,407.8542857142857,0,0.0,0.0,0.0,1133.2880264126986,153539.38479757955
300,0.17058640823957788,0.1867494908145715,0.7965358294361555,0.3255686114445914,0.35844864504916407,0.34037518073458917,1.0,0.0,1.0,0.0,5356769.426857144,407.8542857142857,0,0.0,0.0,0.0,1138.2916378412701,153540.81255232554
301,0.17058640823957788,0.1867494908145715,0.7965358294361555,0.3255686114445914,0.35844864504916407,0.34037518073458917,1.0,0.0,1.0,0.0,5356769.426857144,407.8542857142857,0,0.0,0.0,0.0,1150.426132825397,153524.73872081438
302,0.17058640823957788,0.1867494908145715,0.7965358294361555,0.3255686114445914,0.35844864504916407,0.34037518073458917,1.0,0.0,1.0,0.0,5356769.426857144,407.8542857142857,0,0.0,0.0,0.0,1167.5642392380953,153508.6925784693
303,0.17058640823957788,0.1867494908145715,0.7965358294361555,0.3255686114445914,0.35844864504916407,0.34037518073458917,1.0,0.0,1.0,0.0,5356769.426857144,407.8542857142857,0,0.0,0.0,0.0,1153.4722082539686,153502.9302982047
304,0.17058640823957788,0.1867494908145715,0.7965358294361555,0.3255686114445914,0.35844864504916407,0.34037518073458917,1.0,0.0,1.0,0.0,5356769.426857144,407.8542857142857,0,0.0,0.0,0.0,1131.500226539683,153492.71919772477
305,0.17230290181227365,0.1854074581871962,0.7907807271484664,0.32126240072078815,0.37891414625959197,0.35389857163199206,1.0,0.0,1.0,0.0,5356769.426857144,407.8542857142857,0,0.0,0.0,0.0,1130.122021587302,153527.722447135
306,0.17230290181227365,0.1854074581871962,0.7907807271484664,0.32126240072078815,0.37891414625959197,0.35389857163199206,1.0,0.0,1.0,0.0,5356769.426857144,407.8542857142857,0,0.0,0.0,0.0,1134.3765658412701,153503.82102533124
307,0.17230290181227365,0.1854074581871962,0.7907807271484664,0.32126240072078815,0.37891414625959197,0.35389857163199206,1.0,0.0,1.0,0.0,5356769.426857144,407.8542857142857,0,0.0,0.0,0.0,1139.090511746032,153537.9765280851
308,0.17230290181227365,0.1854074581871962,0.7907807271484664,0.32126240072078815,0.37891414625959197,0.35389857163199206,1.0,0.0,1.0,0.0,5356769.426857144,407.8542857142857,0,0.0,0.0,0.0,1147.7693363809528,153533.85557889254
309,0.17230290181227365,0.1854074581871962,0.7907807271484664,0.32126240072078815,0.37891414625959197,0.35389857163199206,1.0,0.0,1.0,0.0,5356769.426857144,407.8542857142857,0,0.0,0.0,0.0,1127.0759461587306,153366.89975428916
310,0.1786554353484021,0.1844475460034279,0.7807284285027443,0.31507006446012825,0.35279340801496173,0.3485229546748873,1.0,0.0,1.0,0.0,5356769.426857144,407.8542857142857,0,0.0,0.0,0.0,1126.1571428571433,153301.00495437533
311,0.1786554353484021,0.1844475460034279,0.7807284285027443,0.31507006446012825,0.35279340801496173,0.3485229546748873,1.0,0.0,1.0,0.0,5356769.426857144,407.8542857142857,0,0.0,0.0,0.0,1126.1571428571433,153232.0765180995
312,0.1786554353484021,0.1844475460034279,0.7807284285027443,0.31507006446012825,0.35279340801496173,0.3485229546748873,1.0,0.0,1.0,0.0,5356769.426857144,407.8542857142857,0,0.0,0.0,0.0,1126.1571428571433,153249.82747703587
313,0.1786554353484021,0.1844475460034279,0.7807284285027443,0.31507006446012825,0.35279340801496173,0.3485229546748873,1.0,0.0,1.0,0.0,5356769.426857144,407.8542857142857,0,0.0,0.0,0.0,1126.616544507937,153331.89542187683
314,0.1786554353484021,0.1844475460034279,0.7807284285027443,0.31507006446012825,0.35279340801496173,0.3485229546748873,1.0,0.0,1.0,0.0,5356769.426857144,407.8542857142857,0,0.0,0.0,0.0,1126.5664930793655,153404.89937804776
315,0.18054825475160838,0.18649130239895326,0.7794435029820573,0.31556886984538246,0.3189255648640081,0.3468979250789531,1.0,0.0,1.0,0.0,5356769.426857144,407.8542857142857,0,0.0,0.0,0.0,1127.5353478095242,153391.3531853579
316,0.18054825475160838,0.18649130239895326,0.7794435029820573,0.31556886984538246,0.3189255648640081,0.3468979250789531,1.0,0.0,1.0,0.0,5356769.426857144,407.8542857142857,0,0.0,0.0,0.0,1131.7898920634923,153403.898431507
317,0.18054825475160838,0.18649130239895326,0.7794435029820573,0.31556886984538246,0.3189255648640081,0.3468979250789531,1.0,0.0,1.0,0.0,5356769.426857144,407.8542857142857,0,0.0,0.0,0.0,1135.005703619048,153638.42860369154
318,0.18054825475160838,0.18649130239895326,0.7794435029820573,0.31556886984538246,0.3189255648640081,0.3468979250789531,1.0,0.0,1.0,0.0,5356769.426857144,407.8542857142857,0,0.0,0.0,0.0,1126.1571428571433,153795.0062181651
319,0.18054825475160838,0.18649130239895326,0.7794435029820573,0.31556886984538246,0.3189255648640081,0.3468979250789531,1.0,0.0,1.0,0.0,5356769.426857144,407.8542857142857,0,0.0,0.0,0.0,1126.616544507937,153955.369517072
320,0.1814525081686315,0.1864132397094553,0.7749172928222008,0.31074313569301676,0.3790853680573286,0.3945670663162916,1.0,0.0,1.0,0.0,5356769.426857144,407.8542857142857,0,0.0,0.0,0.0,1126.616544507937,154025.36992273442
321,0.1814525081686315,0.1864132397094553,0.7749172928222008,0.31074313569301676,0.3790853680573286,0.3945670663162916,1.0,0.0,1.0,0.0,5356769.426857144,407.8542857142857,0,0.0,0.0,0.0,1126.616544507937,154107.47816316952
322,0.1814525081686315,0.1864132397094553,0.7749172928222008,0.31074313569301676,0.3790853680573286,0.3945670663162916,1.0,0.0,1.0,0.0,5356769.426857144,407.8542857142857,0,0.0,0.0,0.0,1127.0759461587306,154048.30052433716
323,0.1814525081686315,0.1864132397094553,0.7749172928222008,0.31074313569301676,0.3790853680573286,0.3945670663162916,1.0,0.0,1.0,0.0,5356769.426857144,407.8542857142857,0,0.0,0.0,0.0,1127.0759461587306,154006.72452958886
324,0.1814525081686315,0.1864132397094553,0.7749172928222008,0.31074313569301676,0.3790853680573286,0.3945670663162916,1.0,0.0,1.0,0.0,5356769.426857144,407.8542857142857,0,0.0,0.0,0.0,1127.0759461587306,153899.83555962957
325,0.18159731174544996,0.18639142829655586,0.7735488379929131,0.3091978804607306,0.40639796672245765,0.3916248812950233,1.0,0.0,1.0,0.0,5356769.426857144,407.8542857142857,0,0.0,0.0,0.0,1127.0759461587306,153950.4557568259
326,0.18159731174544996,0.18639142829655586,0.7735488379929131,0.3091978804607306,0.40639796672245765,0.3916248812950233,1.0,0.0,1.0,0.0,5356769.426857144,407.8542857142857,0,0.0,0.0,0.0,1127.0759461587306,153922.18557217054
327,0.18159731174544996,0.18639142829655586,0.7735488379929131,0.3091978804607306,0.40639796672245765,0.3916248812950233,1.0,0.0,1.0,0.0,5356769.426857144,407.8542857142857,0,0.0,0.0,0.0,1127.5353478095242,153930.81337628234
328,0.18159731174544996,0.18639142829655586,0.7735488379929131,0.3091978804607306,0.40639796672245765,0.3916248812950233,1.0,0.0,1.0,0.0,5356769.426857144,407.8542857142857,0,0.0,0.0,0.0,1127.5353478095242,154027.96519250845
329,0.18159731174544996,0.18639142829655586,0.7735488379929131,0.3091978804607306,0.40639796672245765,0.3916248812950233,1.0,0.0,1.0,0.0,5356769.426857144,407.8542857142857,0,0.0,0.0,0.0,1127.994749460318,154161.36172035133
330,0.1845480382945276,0.1869704550700577,0.7705221869669826,0.3089163120106366,0.398910450734238,0.3684169196824915,1.0,0.0,1.0,0.0,5356769.426857144,407.8542857142857,0,0.0,0.0,0.0,1127.0759461587306,154146.88826635852
331,0.1845480382945276,0.1869704550700577,0.7705221869669826,0.3089163120106366,0.398910450734238,0.3684169196824915,1.0,0.0,1.0,0.0,5356769.426857144,407.8542857142857,0,0.0,0.0,0.0,1127.0759461587306,154113.43980203607
332,0.1845480382945276,0.1869704550700577,0.7705221869669826,0.3089163120106366,0.398910450734238,0.3684169196824915,1.0,0.0,1.0,0.0,5356769.426857144,407.8542857142857,0,0.0,0.0,0.0,1126.616544507937,154036.28204435203
333,0.1845480382945276,0.1869704550700577,0.7705221869669826,0.3089163120106366,0.398910450734238,0.3684169196824915,1.0,0.0,1.0,0.0,5356769.426857144,407.8542857142857,0,0.0,0.0,0.0,1127.0759461587306,153972.0696728029
334,0.1845480382945276,0.1869704550700577,0.7705221869669826,0.3089163120106366,0.398910450734238,0.3684169196824915,1.0,0.0,1.0,0.0,5356769.426857144,407.8542857142857,0,0.0,0.0,0.0,1126.616544507937,153837.4101122626
335,0.18469600554714874,0.18703499303190388,0.7679571337228529,0.3053908799454884,0.37789467252961906,0.3734862096738223,1.0,0.0,1.0,0.0,5356769.426857144,407.8542857142857,0,0.0,0.0,0.0,1126.616544507937,153660.23592686627
336,0.18469600554714874,0.18703499303190388,0.7679571337228529,0.3053908799454884,0.37789467252961906,0.3734862096738223,1.0,0.0,1.0,0.0,5356769.426857144,407.8542857142857,0,0.0,0.0,0.0,1126.616544507937,153660.6365241928
337,0.18469600554714874,0.18703499303190388,0.7679571337228529,0.3053908799454884,0.37789467252961906,0.3734862096738223,1.0,0.0,1.0,0.0,5356769.426857144,407.8542857142857,0,0.0,0.0,0.0,1126.616544507937,153742.3654426333
338,0.18469600554714874,0.18703499303190388,0.7679571337228529,0.3053908799454884,0.37789467252961906,0.3734862096738223,1.0,0.0,1.0,0.0,5356769.426857144,407.8542857142857,0,0.0,0.0,0.0,1127.2322239365085,153855.11740089985
339,0.18469600554714874,0.18703499303190388,0.7679571337228529,0.3053908799454884,0.37789467252961906,0.3734862096738223,1.0,0.0,1.0,0.0,5356769.426857144,407.8542857142857,0,0.0,0.0,0.0,1127.5353478095242,153890.8814442154
340,0.1854314254094776,0.18740569916780128,0.7652259945788127,0.30381119989051464,0.39458439484176683,0.36199112710424536,1.0,0.0,1.0,0.0,5356769.426857144,407.8542857142857,0,0.0,0.0,0.0,1126.616544507937,154074.6816883308
341,0.1854314254094776,0.18740569916780128,0.7652259945788127,0.30381119989051464,0.39458439484176683,0.36199112710424536,1.0,0.0,1.0,0.0,5356769.426857144,407.8542857142857,0,0.0,0.0,0.0,1126.616544507937,154174.72799434766
342,0.1854314254094776,0.18740569916780128,0.7652259945788127,0.30381119989051464,0.39458439484176683,0.36199112710424536,1.0,0.0,1.0,0.0,5356769.426857144,407.8542857142857,0,0.0,0.0,0.0,1127.994749460318,154171.67395079727
343,0.1854314254094776,0.18740569916780128,0.7652259945788127,0.30381119989051464,0.39458439484176683,0.36199112710424536,1.0,0.0,1.0,0.0,5356769.426857144,407.8542857142857,0,0.0,0.0,0.0,1129.8323560634924,154152.10830291192
344,0.1854314254094776,0.18740569916780128,0.7652259945788127,0.30381119989051464,0.39458439484176683,0.36199112710424536,1.0,0.0,1.0,0.0,5356769.426857144,407.8542857142857,0,0.0,0.0,0.0,1127.5353478095242,154143.78464139192
345,0.18543584181025477,0.187408175950175,0.764598169257697,0.30300740547583305,0.39085640495787255,0.3701497028185901,1.0,0.0,1.0,0.0,5356769.426857144,407.8542857142857,0,0.0,0.0,0.0,1127.5353478095242,154162.6466554353
346,0.18543584181025477,0.187408175950175,0.764598169257697,0.30300740547583305,0.39085640495787255,0.3701497028185901,1.0,0.0,1.0,0.0,5356769.426857144,407.8542857142857,0,0.0,0.0,0.0,1126.616544507937,154187.18135593814
347,0.18543584181025477,0.187408175950175,0.764598169257697,0.30300740547583305,0.39085640495787255,0.3701497028185901,1.0,0.0,1.0,0.0,5356769.426857144,407.8542857142857,0,0.0,0.0,0.0,1127.0759461587306,154199.16810472234
348,0.18543584181025477,0.187408175950175,0.764598169257697,0.30300740547583305,0.39085640495787255,0.3701497028185901,1.0,0.0,1.0,0.0,5356769.426857144,407.8542857142857,0,0.0,0.0,0.0,1128.4541511111117,154197.3580474676
349,0.18543584181025477,0.187408175950175,0.764598169257697,0.30300740547583305,0.39085640495787255,0.3701497028185901,1.0,0.0,1.0,0.0,5356769.426857144,407.8542857142857,0,0.0,0.0,0.0,1131.669962666667,154226.3661241563
350,0.18543584181025477,0.187408175950175,0.7645981584033916,0.30300739165574136,0.4008468537393378,0.36230210185175094,1.0,0.0,1.0,0.0,5356769.426857144,407.8542857142857,0,0.0,0.0,0.0,1135.3451758730162,154255.1554138029
351,0.18543584181025477,0.187408175950175,0.7645981584033916,0.30300739165574136,0.4008468537393378,0.36230210185175094,1.0,0.0,1.0,0.0,5356769.426857144,407.8542857142857,0,0.0,0.0,0.0,1138.5609874285717,154326.16255713868
352,0.18543584181025477,0.187408175950175,0.7645981584033916,0.30300739165574136,0.4008468537393378,0.36230210185175094,1.0,0.0,1.0,0.0,5356769.426857144,407.8542857142857,0,0.0,0.0,0.0,1144.992610539683,154370.60619473693
353,0.18543584181025477,0.187408175950175,0.7645981584033916,0.30300739165574136,0.4008468537393378,0.36230210185175094,1.0,0.0,1.0,0.0,5356769.426857144,407.8542857142857,0,0.0,0.0,0.0,1145.4520121904764,154344.9927106337
354,0.18543584181025477,0.187408175950175,0.7645981584033916,0.30300739165574136,0.4008468537393378,0.36230210185175094,1.0,0.0,1.0,0.0,5356769.426857144,407.8542857142857,0,0.0,0.0,0.0,1145.4520121904764,154332.40381453416
355,0.18547453376920542,0.18737565036639836,0.7643515980642684,0.3027924816568358,0.37897272361508183,0.3665375685153574,1.0,0.0,1.0,0.0,5356769.426857144,407.8542857142857,0,0.0,0.0,0.0,1145.4520121904764,154287.5608404051
356,0.18547453376920542,0.18737565036639836,0.7643515980642684,0.3027924816568358,0.37897272361508183,0.3665375685153574,1.0,0.0,1.0,0.0,5356769.426857144,407.8542857142857,0,0.0,0.0,0.0,1145.4520121904764,154196.28783687702
357,0.18547453376920542,0.18737565036639836,0.7643515980642684,0.3027924816568358,0.37897272361508183,0.3665375685153574,1.0,0.0,1.0,0.0,5356769.426857144,407.8542857142857,0,0.0,0.0,0.0,1145.4520121904764,154201.35871029887
358,0.18547453376920542,0.18737565036639836,0.7643515980642684,0.3027924816568358,0.37897272361508183,0.3665375685153574,1.0,0.0,1.0,0.0,5356769.426857144,407.8542857142857,0,0.0,0.0,0.0,1145.4520121904764,154160.28084036298
359,0.18547453376920542,0.18737565036639836,0.7643515980642684,0.3027924816568358,0.37897272361508183,0.3665375685153574,1.0,0.0,1.0,0.0,5356769.426857144,407.8542857142857,0,0.0,0.0,0.0,1145.9114138412701,154217.330685217
360,0.1855332634111172,0.1873584366716157,0.763689773909356,0.30193430676901023,0.3893485534844897,0.37130253917936473,1.0,0.0,1.0,0.0,5356769.426857144,407.8542857142857,0,0.0,0.0,0.0,1145.9114138412701,154244.9315781132
361,0.1855332634111172,0.1873584366716157,0.763689773909356,0.30193430676901023,0.3893485534844897,0.37130253917936473,1.0,0.0,1.0,0.0,5356769.426857144,407.8542857142857,0,0.0,0.0,0.0,1145.4520121904764,154249.28290765974
362,0.1855332634111172,0.1873584366716157,0.763689773909356,0.30193430676901023,0.3893485534844897,0.37130253917936473,1.0,0.0,1.0,0.0,5356769.426857144,407.8542857142857,0,0.0,0.0,0.0,1145.4520121904764,154410.2070126993
363,0.1855332634111172,0.1873584366716157,0.763689773909356,0.30193430676901023,0.3893485534844897,0.37130253917936473,1.0,0.0,1.0,0.0,5356769.426857144,407.8542857142857,0,0.0,0.0,0.0,1147.5792843174606,154397.80203962617
364,0.1855332634111172,0.1873584366716157,0.763689773909356,0.30193430676901023,0.3893485534844897,0.37130253917936473,1.0,0.0,1.0,0.0,5356769.426857144,407.8542857142857,0,0.0,0.0,0.0,1147.5792843174606,154460.476950336
365,0.19691831368822182,0.19139193454231052,0.7581120453434067,0.3050803291223371,0.4665639918154506,0.6625487719464225,1.0,0.0,1.0,0.0,5356769.426857144,407.8542857142857,0,0.0,0.0,0.0,1148.498087619048,154595.27725793695
366,0.19691831368822182,0.19139193454231052,0.7581120453434067,0.3050803291223371,0.4665639918154506,0.6625487719464225,1.0,0.0,1.0,0.0,5356769.426857144,407.8542857142857,0,0.0,0.0,0.0,1149.7065564444447,154601.9426370623
367,0.19691831368822182,0.19139193454231052,0.7581120453434067,0.3050803291223371,0.4665639918154506,0.6625487719464225,1.0,0.0,1.0,0.0,5356769.426857144,407.8542857142857,0,0.0,0.0,0.0,1149.7065564444447,154704.19803994882
368,0.19691831368822182,0.19139193454231052,0.7581120453434067,0.3050803291223371,0.4665639918154506,0.6625487719464225,1.0,0.0,1.0,0.0,5356769.426857144,407.8542857142857,0,0.0,0.0,0.0,1149.7065564444447,154685.6371502438
369,0.19691831368822182,0.19139193454231052,0.7581120453434067,0.3050803291223371,0.4665639918154506,0.6625487719464225,1.0,0.0,1.0,0.0,5356769.426857144,407.8542857142857,0,0.0,0.0,0.0,1149.7065564444447,154706.26165072367
370,0.19692927188215778,0.19138243535401223,0.7572896600822486,0.3051857753390299,0.3790633479671503,0.3691180386486708,1.0,0.0,1.0,0.0,5356769.426857144,407.8542857142857,0,0.0,0.0,0.0,1145.4520121904764,154738.36496274013
371,0.19692927188215778,0.19138243535401223,0.7572896600822486,0.3051857753390299,0.3790633479671503,0.3691180386486708,1.0,0.0,1.0,0.0,5356769.426857144,407.8542857142857,0,0.0,0.0,0.0,1145.4520121904764,154773.58954042624
372,0.19692927188215778,0.19138243535401223,0.7572896600822486,0.3051857753390299,0.3790633479671503,0.3691180386486708,1.0,0.0,1.0,0.0,5356769.426857144,407.8542857142857,0,0.0,0.0,0.0,1145.4520121904764,154834.64597465968
373,0.19692927188215778,0.19138243535401223,0.7572896600822486,0.3051857753390299,0.3790633479671503,0.3691180386486708,1.0,0.0,1.0,0.0,5356769.426857144,407.8542857142857,0,0.0,0.0,0.0,1145.4520121904764,154928.3329458854
374,0.19692927188215778,0.19138243535401223,0.7572896600822486,0.3051857753390299,0.3790633479671503,0.3691180386486708,1.0,0.0,1.0,0.0,5356769.426857144,407.8542857142857,0,0.0,0.0,0.0,1145.4520121904764,154924.62787228532
375,0.20023127026887189,0.19061882683045137,0.7538393881781512,0.305798104286626,0.38005889052183667,0.35387892877369664,1.0,0.0,1.0,0.0,5356769.426857144,407.8542857142857,0,0.0,0.0,0.0,1145.4520121904764,154928.5231887359
376,0.20023127026887189,0.19061882683045137,0.7538393881781512,0.305798104286626,0.38005889052183667,0.35387892877369664,1.0,0.0,1.0,0.0,5356769.426857144,407.8542857142857,0,0.0,0.0,0.0,1145.4520121904764,154905.65686147168
377,0.20023127026887189,0.19061882683045137,0.7538393881781512,0.305798104286626,0.38005889052183667,0.35387892877369664,1.0,0.0,1.0,0.0,5356769.426857144,407.8542857142857,0,0.0,0.0,0.0,1145.9114138412701,154841.93820711286
378,0.20023127026887189,0.19061882683045137,0.7538393881781512,0.305798104286626,0.38005889052183667,0.35387892877369664,1.0,0.0,1.0,0.0,5356769.426857144,407.8542857142857,0,0.0,0.0,0.0,1148.9574892698415,154691.45345089803
379,0.20023127026887189,0.19061882683045137,0.7538393881781512,0.305798104286626,0.38005889052183667,0.35387892877369664,1.0,0.0,1.0,0.0,5356769.426857144,407.8542857142857,0,0.0,0.0,0.0,1147.1198826666669,154720.42025170146
380,0.20576251274287144,0.1910253956604989,0.7465091641830817,0.3082035265808849,0.4786924491234445,0.5775195818845965,1.0,0.0,1.0,0.0,5356769.426857144,407.8542857142857,0,0.0,0.0,0.0,1147.1198826666669,154765.9886318935
381,0.20576251274287144,0.1910253956604989,0.7465091641830817,0.3082035265808849,0.4786924491234445,0.5775195818845965,1.0,0.0,1.0,0.0,5356769.426857144,407.8542857142857,0,0.0,0.0,0.0,1147.1198826666669,154683.77832164516
382,0.20576251274287144,0.1910253956604989,0.7465091641830817,0.3082035265808849,0.4786924491234445,0.5775195818845965,1.0,0.0,1.0,0.0,5356769.426857144,407.8542857142857,0,0.0,0.0,0.0,1150.4556236190479,154583.68008602405
383,0.20576251274287144,0.1910253956604989,0.7465091641830817,0.3082035265808849,0.4786924491234445,0.5775195818845965,1.0,0.0,1.0,0.0,5356769.426857144,407.8542857142857,0,0.0,0.0,0.0,1156.8374400000002,154495.10862246217
384,0.20576251274287144,0.1910253956604989,0.7465091641830817,0.3082035265808849,0.4786924491234445,0.5775195818845965,1.0,0.0,1.0,0.0,5356769.426857144,407.8542857142857,0,0.0,0.0,0.0,1145.4520121904764,154437.08513346396
385,0.21002829015652474,0.19210998702143625,0.7447581625596474,0.30783767050466476,0.3824334202187819,0.35403642080099434,1.0,0.0,1.0,0.0,5356769.426857144,407.8542857142857,0,0.0,0.0,0.0,1145.9114138412701,154379.88551307737
386,0.21002829015652474,0.19210998702143625,0.7447581625596474,0.30783767050466476,0.3824334202187819,0.35403642080099434,1.0,0.0,1.0,0.0,5356769.426857144,407.8542857142857,0,0.0,0.0,0.0,1145.4520121904764,154406.02485872645
387,0.21002829015652474,0.19210998702143625,0.7447581625596474,0.30783767050466476,0.3824334202187819,0.35403642080099434,1.0,0.0,1.0,0.0,5356769.426857144,407.8542857142857,0,0.0,0.0,0.0,1145.4520121904764,154433.85947637763
388,0.21002829015652474,0.19210998702143625,0.7447581625596474,0.30783767050466476,0.3824334202187819,0.35403642080099434,1.0,0.0,1.0,0.0,5356769.426857144,407.8542857142857,0,0.0,0.0,0.0,1145.4520121904764,154371.34313479383
389,0.21002829015652474,0.19210998702143625,0.7447581625596474,0.30783767050466476,0.3824334202187819,0.35403642080099434,1.0,0.0,1.0,0.0,5356769.426857144,407.8542857142857,0,0.0,0.0,0.0,1145.9114138412701,154382.83876138466
390,0.21077861653789826,0.1926260851828275,0.7447330661167402,0.30780560690716063,0.38400558736750945,0.35189482003465045,1.0,0.0,1.0,0.0,5356769.426857144,407.8542857142857,0,0.0,0.0,0.0,1145.9114138412701,154373.99786882717
391,0.21077861653789826,0.1926260851828275,0.7447330661167402,0.30780560690716063,0.38400558736750945,0.35189482003465045,1.0,0.0,1.0,0.0,5356769.426857144,407.8542857142857,0,0.0,0.0,0.0,1146.3708154920637,154453.41329294728
392,0.21077861653789826,0.1926260851828275,0.7447330661167402,0.30780560690716063,0.38400558736750945,0.35189482003465045,1.0,0.0,1.0,0.0,5356769.426857144,407.8542857142857,0,0.0,0.0,0.0,1145.4520121904764,154458.1573703826
393,0.21077861653789826,0.1926260851828275,0.7447330661167402,0.30780560690716063,0.38400558736750945,0.35189482003465045,1.0,0.0,1.0,0.0,5356769.426857144,407.8542857142857,0,0.0,0.0,0.0,1145.4520121904764,154442.57724548772
394,0.21077861653789826,0.1926260851828275,0.7447330661167402,0.30780560690716063,0.38400558736750945,0.35189482003465045,1.0,0.0,1.0,0.0,5356769.426857144,407.8542857142857,0,0.0,0.0,0.0,1145.4520121904764,154421.83907742114
395,0.21078354061368915,0.19263102955392392,0.7447130140935759,0.3077975259237409,0.38820169600502213,0.35072521148910474,1.0,0.0,1.0,0.0,5356769.426857144,407.8542857142857,0,0.0,0.0,0.0,1145.4520121904764,154369.2752620936
396,0.21078354061368915,0.19263102955392392,0.7447130140935759,0.3077975259237409,0.38820169600502213,0.35072521148910474,1.0,0.0,1.0,0.0,5356769.426857144,407.8542857142857,0,0.0,0.0,0.0,1145.401960761905,154354.4432157683
397,0.21078354061368915,0.19263102955392392,0.7447130140935759,0.3077975259237409,0.38820169600502213,0.35072521148910474,1.0,0.0,1.0,0.0,5356769.426857144,407.8542857142857,0,0.0,0.0,0.0,1145.401960761905,154397.2134195593
398,0.21078354061368915,0.19263102955392392,0.7447130140935759,0.3077975259237409,0.38820169600502213,0.35072521148910474,1.0,0.0,1.0,0.0,5356769.426857144,407.8542857142857,0,0.0,0.0,0.0,1145.401960761905,154381.7180285886
399,0.21078354061368915,0.19263102955392392,0.7447130140935759,0.3077975259237409,0.38820169600502213,0.35072521148910474,1.0,0.0,1.0,0.0,5356769.426857144,407.8542857142857,0,0.0,0.0,0.0,1138.3411998730162,154355.3341143972
