generation,HV_norm_mean,HV_norm_std,IGD_plus_mean,IGD_plus_std,Spacing_mean,Spacing_std,FeasRatio_soft_mean,FeasRatio_soft_std,FeasRatio_strict_mean,FeasRatio_strict_std,MinCost_bestrun,MinEmission_gCO2_bestrun,MinTime_h_bestrun,boost_triggered_bestrun,vio_miss_alloc_mean,vio_miss_tt_mean,vio_cap_excess_mean,vio_late_teu_h_mean,vio_wait_teu_h_mean
0,0.0,0.0,inf,,0.0,0.0,0.0010666666666666667,0.0027194770739161506,0.0010666666666666667,0.0027194770739161506,20431964.682957567,1885476019.998919,521.1971428571428,1,0.0,0.0,2229.2989994544237,52871.368253740235,318622.842343728
1,0.0,0.0,inf,,0.0,0.0,0.00986666666666667,0.015823470612423257,0.00986666666666667,0.015823470612423257,20431964.682957567,1885476019.998919,521.1971428571428,1,0.0,0.0,564.7208545296779,85321.54780532717,448627.1595358473
2,0.0,0.0,inf,,0.0,0.0,0.06293333333333335,0.0639577638411128,0.06293333333333335,0.0639577638411128,20431964.682957567,1885476019.998919,521.1971428571428,1,0.0,0.0,295.9536325501153,91972.51768283834,477055.3155025642
3,0.0,0.0,inf,,0.0,0.0,0.23760000000000006,0.16760779615916838,0.23760000000000006,0.16760779615916838,18941989.167133138,1731892200.429662,521.1971428571428,0,0.0,0.0,117.91914359825064,96259.3209729636,498788.1858849298
4,0.0,0.0,inf,,0.0,0.0,0.5629333333333333,0.25265720298899497,0.5629333333333333,0.25265720298899497,18941989.167133138,1652463122.886216,481.7004761904762,0,0.0,0.0,30.214841794399664,98170.81876753237,512905.27595432726
5,0.0,0.0,3.1937044373614567,0.3134454551030985,0.08028474178016862,0.015699318352308377,0.9128000000000002,0.18000711097065022,0.9128000000000002,0.18000711097065022,18833998.061096996,1469177783.9929059,481.7004761904762,0,0.0,0.0,4.519483082578676,97117.58588289101,521712.9938139192
6,0.0,0.0,3.1937044373614567,0.3134454551030985,0.08028474178016862,0.015699318352308377,0.984,0.08616263691415207,0.984,0.08616263691415207,18105615.97474834,1360113612.785555,473.8566666666667,0,0.0,0.0,0.593714923031913,93266.01559142063,524817.107297179
7,0.0,0.0,3.1937044373614567,0.3134454551030985,0.08028474178016862,0.015699318352308377,1.0,0.0,1.0,0.0,18082058.971165035,1360113612.785555,467.83142857142855,0,0.0,0.0,0.0,89961.87526429861,526294.2201105349
8,0.0,0.0,3.1937044373614567,0.3134454551030985,0.08028474178016862,0.015699318352308377,1.0,0.0,1.0,0.0,18004268.675744046,1360113612.785555,467.83142857142855,0,0.0,0.0,0.0,88658.16981562316,529957.1265761874
9,0.0,0.0,3.1937044373614567,0.3134454551030985,0.08028474178016862,0.015699318352308377,1.0,0.0,1.0,0.0,17860797.18972048,1351203949.7444053,467.83142857142855,0,0.0,0.0,0.0,86037.00260379066,530976.3164600157
10,0.0,0.0,2.1665380045341833,0.2784847556123807,0.06806986200697591,0.013518381988701816,1.0,0.0,1.0,0.0,17786165.958165184,1305324709.5550776,467.83142857142855,0,0.0,0.0,0.0,83886.86525201493,532495.8339353894
11,0.0,0.0,2.1665380045341833,0.2784847556123807,0.06806986200697591,0.013518381988701816,1.0,0.0,1.0,0.0,17304904.233267564,1275147236.7048192,467.83142857142855,0,0.0,0.0,0.0,81421.10694735935,533143.2451145039
12,0.0,0.0,2.1665380045341833,0.2784847556123807,0.06806986200697591,0.013518381988701816,1.0,0.0,1.0,0.0,17304904.233267564,1247494759.762866,467.83142857142855,0,0.0,0.0,0.0,80033.26701484915,534583.3165866652
13,0.0,0.0,2.1665380045341833,0.2784847556123807,0.06806986200697591,0.013518381988701816,1.0,0.0,1.0,0.0,17242368.43309146,1234738101.305398,467.83142857142855,0,0.0,0.0,0.0,78146.51608323,534676.2692169643
14,0.0,0.0,2.1665380045341833,0.2784847556123807,0.06806986200697591,0.013518381988701816,1.0,0.0,1.0,0.0,16816193.88336216,1234738101.305398,465.19714285714286,0,0.0,0.0,0.0,77432.1268965897,536269.63864594
15,0.0009166666666666666,0.00286962057112473,1.5751499957665986,0.27301494198323234,0.05683346909251352,0.01748386083518856,1.0,0.0,1.0,0.0,16675950.964818055,1233434986.6813316,465.19714285714286,0,0.0,0.0,0.0,75570.2349210816,535751.1499666005
16,0.0009166666666666666,0.00286962057112473,1.5751499957665986,0.27301494198323234,0.05683346909251352,0.01748386083518856,1.0,0.0,1.0,0.0,16439179.052609906,1201848842.8015573,465.19714285714286,0,0.0,0.0,0.0,74358.50026777339,536901.957247019
17,0.0009166666666666666,0.00286962057112473,1.5751499957665986,0.27301494198323234,0.05683346909251352,0.01748386083518856,1.0,0.0,1.0,0.0,16343029.179628538,1198191069.0206413,465.19714285714286,0,0.0,0.0,0.0,73810.25631157715,538969.2137001207
18,0.0009166666666666666,0.00286962057112473,1.5751499957665986,0.27301494198323234,0.05683346909251352,0.01748386083518856,1.0,0.0,1.0,0.0,16197789.729780586,1198191069.0206413,465.19714285714286,0,0.0,0.0,0.0,72638.03675411701,538678.4739984798
19,0.0009166666666666666,0.00286962057112473,1.5751499957665986,0.27301494198323234,0.05683346909251352,0.01748386083518856,1.0,0.0,1.0,0.0,15746095.253556047,1182965283.8581119,465.19714285714286,0,0.0,0.0,0.0,71337.2889706903,538149.4381522513
20,0.01891666666666667,0.03698560155279649,1.241122797906668,0.27106710104154025,0.04980821525443135,0.015370409928174789,1.0,0.0,1.0,0.0,15746095.253556047,1179422262.0572588,465.19714285714286,0,0.0,0.0,0.0,70260.60159635449,537947.2528922909
21,0.01891666666666667,0.03698560155279649,1.241122797906668,0.27106710104154025,0.04980821525443135,0.015370409928174789,1.0,0.0,1.0,0.0,15746095.253556047,1170763398.394139,465.19714285714286,0,0.0,0.0,0.0,69986.38428006442,539378.5174028664
22,0.01891666666666667,0.03698560155279649,1.241122797906668,0.27106710104154025,0.04980821525443135,0.015370409928174789,1.0,0.0,1.0,0.0,15511389.35651592,1170763398.394139,460.045,0,0.0,0.0,0.0,69001.02794626728,540011.7733095638
23,0.01891666666666667,0.03698560155279649,1.241122797906668,0.27106710104154025,0.04980821525443135,0.015370409928174789,1.0,0.0,1.0,0.0,15497014.944301834,1160761584.6492922,460.045,0,0.0,0.0,0.0,68761.77633617535,540870.0530592378
24,0.01891666666666667,0.03698560155279649,1.241122797906668,0.27106710104154025,0.04980821525443135,0.015370409928174789,1.0,0.0,1.0,0.0,15497014.944301834,1160761584.6492922,460.045,0,0.0,0.0,0.0,68070.54449522767,541487.6473121241
25,0.04818333333333332,0.05769076808486972,1.0257735521010718,0.2357098197395518,0.0470915857264639,0.015266330218707403,1.0,0.0,1.0,0.0,15485614.996369345,1156105920.6784985,460.045,0,0.0,0.0,0.0,66641.74428978385,539847.1062262644
26,0.04818333333333332,0.05769076808486972,1.0257735521010718,0.2357098197395518,0.0470915857264639,0.015266330218707403,1.0,0.0,1.0,0.0,15438574.659237226,1156105920.6784985,460.045,0,0.0,0.0,0.0,66495.83453434489,540322.5483650673
27,0.04818333333333332,0.05769076808486972,1.0257735521010718,0.2357098197395518,0.0470915857264639,0.015266330218707403,1.0,0.0,1.0,0.0,15166726.210476795,1138894423.567091,460.045,0,0.0,0.0,0.0,66029.04924732045,540868.7459634
28,0.04818333333333332,0.05769076808486972,1.0257735521010718,0.2357098197395518,0.0470915857264639,0.015266330218707403,1.0,0.0,1.0,0.0,15166726.210476795,1138894423.567091,426.33880952380946,0,0.0,0.0,0.0,66002.66999209684,541595.1105111644
29,0.04818333333333332,0.05769076808486972,1.0257735521010718,0.2357098197395518,0.0470915857264639,0.015266330218707403,1.0,0.0,1.0,0.0,15151537.03148505,1138894423.567091,426.33880952380946,0,0.0,0.0,0.0,65016.00126975415,540770.4987045337
30,0.09163333333333333,0.08819409781209223,0.8883410023021169,0.2408349152755335,0.037653753823962015,0.01375245256518183,1.0,0.0,1.0,0.0,15016398.013511622,1128112007.5440671,426.33880952380946,0,0.0,0.0,0.0,63743.3802612256,539186.1995642983
31,0.09163333333333333,0.08819409781209223,0.8883410023021169,0.2408349152755335,0.037653753823962015,0.01375245256518183,1.0,0.0,1.0,0.0,14980153.842767632,1125301198.726169,422.2238095238095,0,0.0,0.0,0.0,63237.00964289136,538286.0637649139
32,0.09163333333333333,0.08819409781209223,0.8883410023021169,0.2408349152755335,0.037653753823962015,0.01375245256518183,1.0,0.0,1.0,0.0,14969201.286974799,1125301198.726169,422.2238095238095,0,0.0,0.0,0.0,62692.85880325357,537455.5838158865
33,0.09163333333333333,0.08819409781209223,0.8883410023021169,0.2408349152755335,0.037653753823962015,0.01375245256518183,1.0,0.0,1.0,0.0,14939478.270639058,1122607055.0690417,422.2238095238095,0,0.0,0.0,0.0,61617.85115003176,536244.6116647334
34,0.09163333333333333,0.08819409781209223,0.8883410023021169,0.2408349152755335,0.037653753823962015,0.01375245256518183,1.0,0.0,1.0,0.0,14939478.270639058,1122607055.0690417,422.2238095238095,0,0.0,0.0,0.0,60897.464849119766,535585.8463495421
35,0.12721666666666667,0.10349160057168354,0.8009074979827365,0.23712174367985464,0.039042713010337925,0.016307643474715985,1.0,0.0,1.0,0.0,14885811.23175305,1122607055.0690417,422.2238095238095,0,0.0,0.0,0.0,60397.35883004334,535789.9682620222
36,0.12721666666666667,0.10349160057168354,0.8009074979827365,0.23712174367985464,0.039042713010337925,0.016307643474715985,1.0,0.0,1.0,0.0,14885811.23175305,1122607055.0690417,422.2238095238095,0,0.0,0.0,0.0,59912.800920763366,535522.6873723703
37,0.12721666666666667,0.10349160057168354,0.8009074979827365,0.23712174367985464,0.039042713010337925,0.016307643474715985,1.0,0.0,1.0,0.0,14835509.696416402,1122607055.0690417,422.2238095238095,0,0.0,0.0,0.0,60005.07326668634,536406.0850579666
38,0.12721666666666667,0.10349160057168354,0.8009074979827365,0.23712174367985464,0.039042713010337925,0.016307643474715985,1.0,0.0,1.0,0.0,14779960.096618326,1122607055.0690417,422.2238095238095,0,0.0,0.0,0.0,59729.02672372352,536467.4712057774
39,0.12721666666666667,0.10349160057168354,0.8009074979827365,0.23712174367985464,0.039042713010337925,0.016307643474715985,1.0,0.0,1.0,0.0,14779960.096618326,1122607055.0690417,422.2238095238095,0,0.0,0.0,0.0,59294.81646067885,536453.2854975106
40,0.15958333333333335,0.12369849657758801,0.7405488323456771,0.2374301498671529,0.03514229396636592,0.01901383949543307,1.0,0.0,1.0,0.0,14779960.096618326,1122607055.0690417,422.2238095238095,0,0.0,0.0,0.0,59029.95822226403,536561.3754479456
41,0.15958333333333335,0.12369849657758801,0.7405488323456771,0.2374301498671529,0.03514229396636592,0.01901383949543307,1.0,0.0,1.0,0.0,14752126.571088428,1117433672.8171864,422.2238095238095,0,0.0,0.0,0.0,58361.26079569688,535872.6477608955
42,0.15958333333333335,0.12369849657758801,0.7405488323456771,0.2374301498671529,0.03514229396636592,0.01901383949543307,1.0,0.0,1.0,0.0,14752126.571088428,1117433672.8171864,422.2238095238095,0,0.0,0.0,0.0,58064.08712916074,535852.3995667902
43,0.15958333333333335,0.12369849657758801,0.7405488323456771,0.2374301498671529,0.03514229396636592,0.01901383949543307,1.0,0.0,1.0,0.0,14752126.571088428,1117433672.8171864,422.2238095238095,0,0.0,0.0,0.0,57528.52576991345,535207.6889150081
44,0.15958333333333335,0.12369849657758801,0.7405488323456771,0.2374301498671529,0.03514229396636592,0.01901383949543307,1.0,0.0,1.0,0.0,14746851.574184665,1117433672.8171864,422.2238095238095,0,0.0,0.0,0.0,57505.304414364145,535503.2151835836
45,0.18616666666666667,0.13465290771296234,0.6879572226945861,0.23108232504501958,0.03033875737828532,0.018244057060172843,1.0,0.0,1.0,0.0,14746851.574184665,1117433672.8171864,422.2238095238095,0,0.0,0.0,0.0,57660.409376502816,536408.366720301
46,0.18616666666666667,0.13465290771296234,0.6879572226945861,0.23108232504501958,0.03033875737828532,0.018244057060172843,1.0,0.0,1.0,0.0,14746851.574184665,1117433672.8171864,422.2238095238095,0,0.0,0.0,0.0,57459.403244096706,536152.5094357448
47,0.18616666666666667,0.13465290771296234,0.6879572226945861,0.23108232504501958,0.03033875737828532,0.018244057060172843,1.0,0.0,1.0,0.0,14732511.853814786,1117172597.164322,422.2238095238095,0,0.0,0.0,0.0,57037.42841450902,535822.2305925589
48,0.18616666666666667,0.13465290771296234,0.6879572226945861,0.23108232504501958,0.03033875737828532,0.018244057060172843,1.0,0.0,1.0,0.0,14699101.589423794,1117172597.164322,422.2238095238095,0,0.0,0.0,0.0,56496.57154745328,535244.3171687559
49,0.18616666666666667,0.13465290771296234,0.6879572226945861,0.23108232504501958,0.03033875737828532,0.018244057060172843,1.0,0.0,1.0,0.0,14699101.589423794,1110027312.2252994,422.2238095238095,0,0.0,0.0,0.0,56745.57740887403,536078.2166223885
50,0.2096166666666667,0.14444599240623543,0.6460213773739346,0.23070146726203133,0.020892475395404776,0.007061965143054772,1.0,0.0,1.0,0.0,14686668.645611973,1110027312.2252994,422.2238095238095,0,0.0,0.0,0.0,56310.91786068236,536004.511022642
51,0.2096166666666667,0.14444599240623543,0.6460213773739346,0.23070146726203133,0.020892475395404776,0.007061965143054772,1.0,0.0,1.0,0.0,14677270.929190813,1109863854.004416,422.2238095238095,0,0.0,0.0,0.0,56183.13548649206,535995.9887280795
52,0.2096166666666667,0.14444599240623543,0.6460213773739346,0.23070146726203133,0.020892475395404776,0.007061965143054772,1.0,0.0,1.0,0.0,14673838.421211507,1109863854.004416,422.2238095238095,0,0.0,0.0,0.0,56110.04743995623,536527.7607628226
53,0.2096166666666667,0.14444599240623543,0.6460213773739346,0.23070146726203133,0.020892475395404776,0.007061965143054772,1.0,0.0,1.0,0.0,14638893.402916497,1109287126.904416,422.2238095238095,0,0.0,0.0,0.0,56066.13224536148,536787.5883238957
54,0.2096166666666667,0.14444599240623543,0.6460213773739346,0.23070146726203133,0.020892475395404776,0.007061965143054772,1.0,0.0,1.0,0.0,14623771.173219586,1107879664.836477,422.2238095238095,0,0.0,0.0,0.0,55540.213352829815,536316.7752011192
55,0.22990000000000002,0.15159427209935517,0.6158859673468969,0.22749468838255008,0.024952210110408275,0.010739664698126932,1.0,0.0,1.0,0.0,14602864.1932713,1107879664.836477,422.2238095238095,0,0.0,0.0,0.0,55190.920275433346,536087.0520740708
56,0.22990000000000002,0.15159427209935517,0.6158859673468969,0.22749468838255008,0.024952210110408275,0.010739664698126932,1.0,0.0,1.0,0.0,14508616.448267465,1107879664.836477,422.2238095238095,0,0.0,0.0,0.0,55152.92309157691,536473.8639527996
57,0.22990000000000002,0.15159427209935517,0.6158859673468969,0.22749468838255008,0.024952210110408275,0.010739664698126932,1.0,0.0,1.0,0.0,14508616.448267465,1107378114.7818036,422.2238095238095,0,0.0,0.0,0.0,54489.008891986,535603.8956895369
58,0.22990000000000002,0.15159427209935517,0.6158859673468969,0.22749468838255008,0.024952210110408275,0.010739664698126932,1.0,0.0,1.0,0.0,14508616.448267465,1107378114.7818036,422.2238095238095,0,0.0,0.0,0.0,54539.6880563592,536047.4938948209
59,0.22990000000000002,0.15159427209935517,0.6158859673468969,0.22749468838255008,0.024952210110408275,0.010739664698126932,1.0,0.0,1.0,0.0,14508616.448267465,1107378114.7818036,422.2238095238095,0,0.0,0.0,0.0,54180.45689735256,535765.3129393433
60,0.24655,0.15696248755674078,0.5853090462699541,0.22335915312611399,0.02244564891193234,0.010376358227990537,1.0,0.0,1.0,0.0,14504374.014056662,1107378114.7818036,422.2238095238095,0,0.0,0.0,0.0,54059.093793217115,535761.1303628641
61,0.24655,0.15696248755674078,0.5853090462699541,0.22335915312611399,0.02244564891193234,0.010376358227990537,1.0,0.0,1.0,0.0,14504374.014056662,1107378114.7818036,422.2238095238095,0,0.0,0.0,0.0,53732.76873080936,535261.7305654894
62,0.24655,0.15696248755674078,0.5853090462699541,0.22335915312611399,0.02244564891193234,0.010376358227990537,1.0,0.0,1.0,0.0,14504374.014056662,1107378114.7818036,422.2238095238095,0,0.0,0.0,0.0,53841.698714016005,535458.7485213561
63,0.24655,0.15696248755674078,0.5853090462699541,0.22335915312611399,0.02244564891193234,0.010376358227990537,1.0,0.0,1.0,0.0,14495403.614810474,1107378114.7818036,422.2238095238095,0,0.0,0.0,0.0,53522.29927734391,535142.3886222437
64,0.24655,0.15696248755674078,0.5853090462699541,0.22335915312611399,0.02244564891193234,0.010376358227990537,1.0,0.0,1.0,0.0,14452486.861892397,1107378114.7818036,422.2238095238095,0,0.0,0.0,0.0,53502.89824836623,535372.2610239412
65,0.26220000000000004,0.16070913684873883,0.564020488624228,0.22140961121520947,0.02434157443340103,0.014547542935558403,1.0,0.0,1.0,0.0,14452486.861892397,1107378114.7818036,422.2238095238095,0,0.0,0.0,0.0,53339.920138679976,535646.1242500015
66,0.26220000000000004,0.16070913684873883,0.564020488624228,0.22140961121520947,0.02434157443340103,0.014547542935558403,1.0,0.0,1.0,0.0,14452486.861892397,1107378114.7818036,422.2238095238095,0,0.0,0.0,0.0,53091.26361343528,535413.4211628168
67,0.26220000000000004,0.16070913684873883,0.564020488624228,0.22140961121520947,0.02434157443340103,0.014547542935558403,1.0,0.0,1.0,0.0,14445084.750219328,1105599724.5034914,422.2238095238095,0,0.0,0.0,0.0,52740.40586754294,535176.1491688716
68,0.26220000000000004,0.16070913684873883,0.564020488624228,0.22140961121520947,0.02434157443340103,0.014547542935558403,1.0,0.0,1.0,0.0,14445084.750219328,1105366149.6362429,422.2238095238095,0,0.0,0.0,0.0,52921.94584961971,535815.7201639278
69,0.26220000000000004,0.16070913684873883,0.564020488624228,0.22140961121520947,0.02434157443340103,0.014547542935558403,1.0,0.0,1.0,0.0,14441048.817437181,1105366149.6362429,422.2238095238095,0,0.0,0.0,0.0,53432.68346019029,536865.0789079022
70,0.2740666666666666,0.1655447942065497,0.5500358324349164,0.22217636379261105,0.01946770895418142,0.009957207761870722,1.0,0.0,1.0,0.0,14364499.846514473,1105052329.1362429,422.2238095238095,0,0.0,0.0,0.0,53015.627367863155,536476.5060198124
71,0.2740666666666666,0.1655447942065497,0.5500358324349164,0.22217636379261105,0.01946770895418142,0.009957207761870722,1.0,0.0,1.0,0.0,14364499.846514473,1105052329.1362429,422.2238095238095,0,0.0,0.0,0.0,52976.67209734776,536649.0875188456
72,0.2740666666666666,0.1655447942065497,0.5500358324349164,0.22217636379261105,0.01946770895418142,0.009957207761870722,1.0,0.0,1.0,0.0,14364019.827778377,1104780135.5135357,422.2238095238095,0,0.0,0.0,0.0,52540.48978468707,535953.6363544036
73,0.2740666666666666,0.1655447942065497,0.5500358324349164,0.22217636379261105,0.01946770895418142,0.009957207761870722,1.0,0.0,1.0,0.0,14364019.827778377,1104553965.5112798,422.2238095238095,0,0.0,0.0,0.0,52665.21029449433,536440.779643393
74,0.2740666666666666,0.1655447942065497,0.5500358324349164,0.22217636379261105,0.01946770895418142,0.009957207761870722,1.0,0.0,1.0,0.0,14360669.138778912,1103839054.909521,422.2238095238095,0,0.0,0.0,0.0,52462.774475653474,536204.3110436889
75,0.28619999999999995,0.16494982065262556,0.5332168839257271,0.21859392802441513,0.023109984063064404,0.01314589220217853,1.0,0.0,1.0,0.0,14360669.138778912,1103839054.909521,422.2238095238095,0,0.0,0.0,0.0,52169.50408454016,535736.6131070976
76,0.28619999999999995,0.16494982065262556,0.5332168839257271,0.21859392802441513,0.023109984063064404,0.01314589220217853,1.0,0.0,1.0,0.0,14360669.138778912,1103348528.956288,422.2238095238095,0,0.0,0.0,0.0,51675.791189543816,534909.5703729925
77,0.28619999999999995,0.16494982065262556,0.5332168839257271,0.21859392802441513,0.023109984063064404,0.01314589220217853,1.0,0.0,1.0,0.0,14360669.138778912,1102959843.385673,422.2238095238095,0,0.0,0.0,0.0,51860.61167764026,535594.7948864396
78,0.28619999999999995,0.16494982065262556,0.5332168839257271,0.21859392802441513,0.023109984063064404,0.01314589220217853,1.0,0.0,1.0,0.0,14360669.138778912,1102959843.385673,422.2238095238095,0,0.0,0.0,0.0,51525.590403281305,535183.8166766751
79,0.28619999999999995,0.16494982065262556,0.5332168839257271,0.21859392802441513,0.023109984063064404,0.01314589220217853,1.0,0.0,1.0,0.0,14340632.21888554,1102959843.385673,422.2238095238095,0,0.0,0.0,0.0,51600.04564146456,535383.0112879096
80,0.2937666666666666,0.16797518335225065,0.5240376242412585,0.2188851090983486,0.02174535504209256,0.012249373515778008,1.0,0.0,1.0,0.0,14339801.109484904,1102959843.385673,422.2238095238095,0,0.0,0.0,0.0,51430.21578878321,535174.5292402995
81,0.2937666666666666,0.16797518335225065,0.5240376242412585,0.2188851090983486,0.02174535504209256,0.012249373515778008,1.0,0.0,1.0,0.0,14285103.428581854,1100073242.3207014,422.2238095238095,0,0.0,0.0,0.0,51332.23598088549,535211.7809901476
82,0.2937666666666666,0.16797518335225065,0.5240376242412585,0.2188851090983486,0.02174535504209256,0.012249373515778008,1.0,0.0,1.0,0.0,14281935.74614286,1100073242.3207014,422.2238095238095,0,0.0,0.0,0.0,51096.102738545385,534714.3433387895
83,0.2937666666666666,0.16797518335225065,0.5240376242412585,0.2188851090983486,0.02174535504209256,0.012249373515778008,1.0,0.0,1.0,0.0,14280060.323906656,1100073242.3207014,422.2238095238095,0,0.0,0.0,0.0,51192.08765666907,534761.9280310795
84,0.2937666666666666,0.16797518335225065,0.5240376242412585,0.2188851090983486,0.02174535504209256,0.012249373515778008,1.0,0.0,1.0,0.0,14278536.66690401,1100073242.3207014,422.2238095238095,0,0.0,0.0,0.0,50983.545652859175,534415.7032406848
85,0.3016333333333333,0.17100925575990192,0.5140796498324953,0.21868406499839024,0.018355618806108535,0.008756051901453777,1.0,0.0,1.0,0.0,14278536.66690401,1100073242.3207014,422.2238095238095,0,0.0,0.0,0.0,50858.23949523033,534217.388891321
86,0.3016333333333333,0.17100925575990192,0.5140796498324953,0.21868406499839024,0.018355618806108535,0.008756051901453777,1.0,0.0,1.0,0.0,14267815.086954659,1099707553.8747764,422.2238095238095,0,0.0,0.0,0.0,51035.0245429506,534541.6457981288
87,0.3016333333333333,0.17100925575990192,0.5140796498324953,0.21868406499839024,0.018355618806108535,0.008756051901453777,1.0,0.0,1.0,0.0,13961532.229350405,1099707553.8747764,422.2238095238095,0,0.0,0.0,0.0,50824.74154093154,534120.6546337795
88,0.3016333333333333,0.17100925575990192,0.5140796498324953,0.21868406499839024,0.018355618806108535,0.008756051901453777,1.0,0.0,1.0,0.0,13959918.244829396,1099707553.8747764,422.2238095238095,0,0.0,0.0,0.0,51251.223440273425,535149.4924950562
89,0.3016333333333333,0.17100925575990192,0.5140796498324953,0.21868406499839024,0.018355618806108535,0.008756051901453777,1.0,0.0,1.0,0.0,13957653.859557489,1099707553.8747764,422.2238095238095,0,0.0,0.0,0.0,51167.117045365485,535120.0695942906
90,0.30910000000000004,0.1742513701524324,0.5038008498829425,0.21984881907633408,0.015639835331141435,0.009070129380150085,1.0,0.0,1.0,0.0,13957653.859557489,1099707553.8747764,422.2238095238095,0,0.0,0.0,0.0,51404.97138420878,535597.7649025911
91,0.30910000000000004,0.1742513701524324,0.5038008498829425,0.21984881907633408,0.015639835331141435,0.009070129380150085,1.0,0.0,1.0,0.0,13955270.613513423,1098846186.873489,422.2238095238095,0,0.0,0.0,0.0,51141.76340224259,535200.8264898068
92,0.30910000000000004,0.1742513701524324,0.5038008498829425,0.21984881907633408,0.015639835331141435,0.009070129380150085,1.0,0.0,1.0,0.0,13954821.76338147,1098846186.873489,422.2238095238095,0,0.0,0.0,0.0,51472.9996954194,536089.2153838972
93,0.30910000000000004,0.1742513701524324,0.5038008498829425,0.21984881907633408,0.015639835331141435,0.009070129380150085,1.0,0.0,1.0,0.0,13951199.528906425,1098846186.873489,422.2238095238095,0,0.0,0.0,0.0,51173.07231287945,535579.237081292
94,0.30910000000000004,0.1742513701524324,0.5038008498829425,0.21984881907633408,0.015639835331141435,0.009070129380150085,1.0,0.0,1.0,0.0,13951199.528906425,1098678060.7599401,422.2238095238095,0,0.0,0.0,0.0,50986.18654057892,535482.7879652873
95,0.31810000000000005,0.17483093738428182,0.4898755917599194,0.2185931488818302,0.015681470727894296,0.009432389794602694,1.0,0.0,1.0,0.0,13951199.528906425,1098678060.7599401,422.2238095238095,0,0.0,0.0,0.0,50806.80277485339,535280.6104425619
96,0.31810000000000005,0.17483093738428182,0.4898755917599194,0.2185931488818302,0.015681470727894296,0.009432389794602694,1.0,0.0,1.0,0.0,13951199.528906425,1098678060.7599401,422.2238095238095,0,0.0,0.0,0.0,50673.60759627879,535047.4230581535
97,0.31810000000000005,0.17483093738428182,0.4898755917599194,0.2185931488818302,0.015681470727894296,0.009432389794602694,1.0,0.0,1.0,0.0,13951199.528906425,1098678060.7599401,422.2238095238095,0,0.0,0.0,0.0,50425.15983804241,534602.8579804787
98,0.31810000000000005,0.17483093738428182,0.4898755917599194,0.2185931488818302,0.015681470727894296,0.009432389794602694,1.0,0.0,1.0,0.0,13948993.11282802,1098678060.7599401,422.2238095238095,0,0.0,0.0,0.0,50576.2040683835,534990.9163746114
99,0.31810000000000005,0.17483093738428182,0.4898755917599194,0.2185931488818302,0.015681470727894296,0.009432389794602694,1.0,0.0,1.0,0.0,13948089.97601665,1098432766.4991229,422.2238095238095,0,0.0,0.0,0.0,50547.31613497224,534936.5494977721
100,0.32505,0.17571413100070618,0.4828262638440027,0.21616064171981614,0.017530873087810976,0.008967778161061837,1.0,0.0,1.0,0.0,13948089.97601665,1098432766.4991229,422.2238095238095,0,0.0,0.0,0.0,50871.606114984854,535647.868397636
101,0.32505,0.17571413100070618,0.4828262638440027,0.21616064171981614,0.017530873087810976,0.008967778161061837,1.0,0.0,1.0,0.0,13947714.99702305,1098432766.4991229,422.2238095238095,0,0.0,0.0,0.0,50479.159147203114,534869.825924138
102,0.32505,0.17571413100070618,0.4828262638440027,0.21616064171981614,0.017530873087810976,0.008967778161061837,1.0,0.0,1.0,0.0,13947714.99702305,1098432766.4991229,422.2238095238095,0,0.0,0.0,0.0,50410.18575387129,534909.2281311932
103,0.32505,0.17571413100070618,0.4828262638440027,0.21616064171981614,0.017530873087810976,0.008967778161061837,1.0,0.0,1.0,0.0,13946646.173164584,1098352669.465936,422.2238095238095,0,0.0,0.0,0.0,50224.080865086406,534678.1080605948
104,0.32505,0.17571413100070618,0.4828262638440027,0.21616064171981614,0.017530873087810976,0.008967778161061837,1.0,0.0,1.0,0.0,13945279.93444084,1098352669.465936,422.2238095238095,0,0.0,0.0,0.0,49817.200969417194,534018.1811292277
105,0.3304999999999999,0.17472020489914727,0.47655808470181343,0.21348265874442332,0.01648226837597792,0.011788257857753075,1.0,0.0,1.0,0.0,13945279.93444084,1098020259.5328798,422.2238095238095,0,0.0,0.0,0.0,49787.3137714911,533848.084491842
106,0.3304999999999999,0.17472020489914727,0.47655808470181343,0.21348265874442332,0.01648226837597792,0.011788257857753075,1.0,0.0,1.0,0.0,13945279.93444084,1098020259.5328798,422.2238095238095,0,0.0,0.0,0.0,49989.940364228205,534385.8074276488
107,0.3304999999999999,0.17472020489914727,0.47655808470181343,0.21348265874442332,0.01648226837597792,0.011788257857753075,1.0,0.0,1.0,0.0,13945279.93444084,1098020259.5328798,422.2238095238095,0,0.0,0.0,0.0,49846.410040082905,534291.812164651
108,0.3304999999999999,0.17472020489914727,0.47655808470181343,0.21348265874442332,0.01648226837597792,0.011788257857753075,1.0,0.0,1.0,0.0,13943895.218207147,1098020259.5328798,422.2238095238095,0,0.0,0.0,0.0,50066.02911458425,534763.5077053988
109,0.3304999999999999,0.17472020489914727,0.47655808470181343,0.21348265874442332,0.01648226837597792,0.011788257857753075,1.0,0.0,1.0,0.0,13943895.218207147,1098020259.5328798,422.2238095238095,0,0.0,0.0,0.0,50276.08952884482,535313.152028623
110,0.33616666666666667,0.1747947526545221,0.47026788390200663,0.21264512518384565,0.020275465938974356,0.014194430828575803,1.0,0.0,1.0,0.0,13943895.218207147,1097749475.1274,422.2238095238095,0,0.0,0.0,0.0,50264.85145632167,535565.16559663
111,0.33616666666666667,0.1747947526545221,0.47026788390200663,0.21264512518384565,0.020275465938974356,0.014194430828575803,1.0,0.0,1.0,0.0,13943821.651943687,1097749475.1274,422.2238095238095,0,0.0,0.0,0.0,50064.43212325509,535414.2365517233
112,0.33616666666666667,0.1747947526545221,0.47026788390200663,0.21264512518384565,0.020275465938974356,0.014194430828575803,1.0,0.0,1.0,0.0,13943821.651943687,1097749475.1274,422.2238095238095,0,0.0,0.0,0.0,50156.2348117247,535638.9190101553
113,0.33616666666666667,0.1747947526545221,0.47026788390200663,0.21264512518384565,0.020275465938974356,0.014194430828575803,1.0,0.0,1.0,0.0,13942612.606052011,1097749475.1274,422.2238095238095,0,0.0,0.0,0.0,49755.13204608336,534948.0864364255
114,0.33616666666666667,0.1747947526545221,0.47026788390200663,0.21264512518384565,0.020275465938974356,0.014194430828575803,1.0,0.0,1.0,0.0,13942612.606052011,1097749475.1274,422.2238095238095,0,0.0,0.0,0.0,49831.477108080566,535237.9399343918
115,0.34485000000000005,0.17638197895476734,0.4602628501439678,0.21144572538611042,0.018189945676840027,0.012950573980033965,1.0,0.0,1.0,0.0,13942612.606052011,1097749475.1274,422.2238095238095,0,0.0,0.0,0.0,49960.90074771605,535696.6645143172
116,0.34485000000000005,0.17638197895476734,0.4602628501439678,0.21144572538611042,0.018189945676840027,0.012950573980033965,1.0,0.0,1.0,0.0,13942612.606052011,1097749475.1274,422.2238095238095,0,0.0,0.0,0.0,49882.02861001675,535759.5738305051
117,0.34485000000000005,0.17638197895476734,0.4602628501439678,0.21144572538611042,0.018189945676840027,0.012950573980033965,1.0,0.0,1.0,0.0,13942612.606052011,1097749475.1274,422.2238095238095,0,0.0,0.0,0.0,49825.50400050686,535770.6550496107
118,0.34485000000000005,0.17638197895476734,0.4602628501439678,0.21144572538611042,0.018189945676840027,0.012950573980033965,1.0,0.0,1.0,0.0,13942612.606052011,1097749475.1274,422.2238095238095,0,0.0,0.0,0.0,49743.04599849301,535640.3760126341
119,0.34485000000000005,0.17638197895476734,0.4602628501439678,0.21144572538611042,0.018189945676840027,0.012950573980033965,1.0,0.0,1.0,0.0,13942612.606052011,1097749475.1274,422.2238095238095,0,0.0,0.0,0.0,49585.276708620826,535497.7389276172
120,0.34841666666666654,0.17684437995656582,0.45695550951208985,0.21126406920619342,0.01900551722821015,0.014824567128814926,1.0,0.0,1.0,0.0,13942612.606052011,1097749475.1274,422.2238095238095,0,0.0,0.0,0.0,49509.45624639038,535402.3207922385
121,0.34841666666666654,0.17684437995656582,0.45695550951208985,0.21126406920619342,0.01900551722821015,0.014824567128814926,1.0,0.0,1.0,0.0,13942612.606052011,1097749475.1274,422.2238095238095,0,0.0,0.0,0.0,49498.338492592666,535541.4912858516
122,0.34841666666666654,0.17684437995656582,0.45695550951208985,0.21126406920619342,0.01900551722821015,0.014824567128814926,1.0,0.0,1.0,0.0,13942612.606052011,1097749475.1274,422.2238095238095,0,0.0,0.0,0.0,49450.73221417723,535604.7620326065
123,0.34841666666666654,0.17684437995656582,0.45695550951208985,0.21126406920619342,0.01900551722821015,0.014824567128814926,1.0,0.0,1.0,0.0,13936621.925427489,1097749475.1274,422.2238095238095,0,0.0,0.0,0.0,49708.2396027985,536063.8060678586
124,0.34841666666666654,0.17684437995656582,0.45695550951208985,0.21126406920619342,0.01900551722821015,0.014824567128814926,1.0,0.0,1.0,0.0,13936621.925427489,1097749475.1274,422.2238095238095,0,0.0,0.0,0.0,49508.46056891825,535763.6385262276
125,0.3527166666666667,0.1782331190385845,0.453094761871307,0.21110983623300209,0.019305795477818154,0.012729516855988733,1.0,0.0,1.0,0.0,13936621.925427489,1097749475.1274,422.2238095238095,0,0.0,0.0,0.0,49680.06620753107,536075.260542994
126,0.3527166666666667,0.1782331190385845,0.453094761871307,0.21110983623300209,0.019305795477818154,0.012729516855988733,1.0,0.0,1.0,0.0,13936621.925427489,1097749475.1274,422.2238095238095,0,0.0,0.0,0.0,49381.03153266133,535637.4822593145
127,0.3527166666666667,0.1782331190385845,0.453094761871307,0.21110983623300209,0.019305795477818154,0.012729516855988733,1.0,0.0,1.0,0.0,13936621.925427489,1097749475.1274,422.2238095238095,0,0.0,0.0,0.0,49390.1606064974,535774.372902947
128,0.3527166666666667,0.1782331190385845,0.453094761871307,0.21110983623300209,0.019305795477818154,0.012729516855988733,1.0,0.0,1.0,0.0,13936621.925427489,1097749475.1274,422.2238095238095,0,0.0,0.0,0.0,49304.58351281341,535807.5334597788
129,0.3527166666666667,0.1782331190385845,0.453094761871307,0.21110983623300209,0.019305795477818154,0.012729516855988733,1.0,0.0,1.0,0.0,13936621.925427489,1097749475.1274,422.2238095238095,0,0.0,0.0,0.0,49277.53696066326,535906.9404320826
130,0.35531666666666667,0.17776569238435433,0.447404518200064,0.2069897010950471,0.018553211742665214,0.012667093725327866,1.0,0.0,1.0,0.0,13936621.925427489,1097644365.3061666,422.2238095238095,0,0.0,0.0,0.0,49441.332632101876,536380.1435022593
131,0.35531666666666667,0.17776569238435433,0.447404518200064,0.2069897010950471,0.018553211742665214,0.012667093725327866,1.0,0.0,1.0,0.0,13936621.925427489,1095586226.0034955,422.2238095238095,0,0.0,0.0,0.0,49365.842323562814,536326.0683318025
132,0.35531666666666667,0.17776569238435433,0.447404518200064,0.2069897010950471,0.018553211742665214,0.012667093725327866,1.0,0.0,1.0,0.0,13936621.925427489,1095586226.0034955,422.2238095238095,0,0.0,0.0,0.0,49425.78616230268,536537.2919729471
133,0.35531666666666667,0.17776569238435433,0.447404518200064,0.2069897010950471,0.018553211742665214,0.012667093725327866,1.0,0.0,1.0,0.0,13936621.925427489,1095586226.0034955,422.2238095238095,0,0.0,0.0,0.0,49296.05132538281,536290.2617574671
134,0.35531666666666667,0.17776569238435433,0.447404518200064,0.2069897010950471,0.018553211742665214,0.012667093725327866,1.0,0.0,1.0,0.0,13936621.925427489,1095586226.0034955,422.2238095238095,0,0.0,0.0,0.0,49288.14677937702,536280.0795371127
135,0.35815,0.17878204374787382,0.44421527319362103,0.20672030709484082,0.014892567971324214,0.008512078133805442,1.0,0.0,1.0,0.0,13936621.925427489,1095586226.0034955,422.2238095238095,0,0.0,0.0,0.0,49146.382273376905,536003.9942575323
136,0.35815,0.17878204374787382,0.44421527319362103,0.20672030709484082,0.014892567971324214,0.008512078133805442,1.0,0.0,1.0,0.0,13936621.925427489,1095586226.0034955,422.2238095238095,0,0.0,0.0,0.0,49147.8800472128,536114.8948522673
137,0.35815,0.17878204374787382,0.44421527319362103,0.20672030709484082,0.014892567971324214,0.008512078133805442,1.0,0.0,1.0,0.0,13936621.925427489,1095586226.0034955,422.2238095238095,0,0.0,0.0,0.0,49156.613467032104,536152.1324682964
138,0.35815,0.17878204374787382,0.44421527319362103,0.20672030709484082,0.014892567971324214,0.008512078133805442,1.0,0.0,1.0,0.0,13936621.925427489,1095586226.0034955,422.2238095238095,0,0.0,0.0,0.0,49228.71710041771,536329.3989068641
139,0.35815,0.17878204374787382,0.44421527319362103,0.20672030709484082,0.014892567971324214,0.008512078133805442,1.0,0.0,1.0,0.0,13936621.925427489,1095586226.0034955,422.2238095238095,0,0.0,0.0,0.0,49477.05838933398,536864.1738232309
140,0.36523333333333335,0.1819617511700986,0.43520435708831307,0.20761440369373385,0.01899652915714685,0.013538211685937713,1.0,0.0,1.0,0.0,13936621.925427489,1095586226.0034955,422.2238095238095,0,0.0,0.0,0.0,49455.379292397614,536874.5557571957
141,0.36523333333333335,0.1819617511700986,0.43520435708831307,0.20761440369373385,0.01899652915714685,0.013538211685937713,1.0,0.0,1.0,0.0,13936621.925427489,1095586226.0034955,422.2238095238095,0,0.0,0.0,0.0,49236.59464797462,536628.3969339329
142,0.36523333333333335,0.1819617511700986,0.43520435708831307,0.20761440369373385,0.01899652915714685,0.013538211685937713,1.0,0.0,1.0,0.0,13936621.925427489,1095586226.0034955,422.2238095238095,0,0.0,0.0,0.0,49300.56523163959,536856.104845449
143,0.36523333333333335,0.1819617511700986,0.43520435708831307,0.20761440369373385,0.01899652915714685,0.013538211685937713,1.0,0.0,1.0,0.0,13936621.925427489,1095586226.0034955,422.2238095238095,0,0.0,0.0,0.0,49452.50769722834,537240.2198220211
144,0.36523333333333335,0.1819617511700986,0.43520435708831307,0.20761440369373385,0.01899652915714685,0.013538211685937713,1.0,0.0,1.0,0.0,13936621.925427489,1095586226.0034955,422.2238095238095,0,0.0,0.0,0.0,49246.601487244356,536921.7864269331
145,0.36955000000000005,0.1829121533232096,0.43043801824604044,0.20736251944560946,0.016172391643595765,0.012572288926487022,1.0,0.0,1.0,0.0,13936621.925427489,1095586226.0034955,422.2238095238095,0,0.0,0.0,0.0,49266.75569292588,537066.3190757846
146,0.36955000000000005,0.1829121533232096,0.43043801824604044,0.20736251944560946,0.016172391643595765,0.012572288926487022,1.0,0.0,1.0,0.0,13936470.19037335,1095586226.0034955,422.2238095238095,0,0.0,0.0,0.0,49219.90747631877,537079.8309058516
147,0.36955000000000005,0.1829121533232096,0.43043801824604044,0.20736251944560946,0.016172391643595765,0.012572288926487022,1.0,0.0,1.0,0.0,13935829.798066327,1095586226.0034955,422.2238095238095,0,0.0,0.0,0.0,49274.350757225664,537233.8461431734
148,0.36955000000000005,0.1829121533232096,0.43043801824604044,0.20736251944560946,0.016172391643595765,0.012572288926487022,1.0,0.0,1.0,0.0,13935589.181781406,1095586226.0034955,422.2238095238095,0,0.0,0.0,0.0,49301.53915822245,537429.819787315
149,0.36955000000000005,0.1829121533232096,0.43043801824604044,0.20736251944560946,0.016172391643595765,0.012572288926487022,1.0,0.0,1.0,0.0,13935045.1073276,1095586226.0034955,422.2238095238095,0,0.0,0.0,0.0,49383.58441156422,537691.6537610044
150,0.37321666666666675,0.18451317402529524,0.4260583753694742,0.20834193679699123,0.018331757543309644,0.011264055244457196,1.0,0.0,1.0,0.0,13935045.1073276,1095586226.0034955,422.2238095238095,0,0.0,0.0,0.0,49055.28629891105,537232.2399319265
151,0.37321666666666675,0.18451317402529524,0.4260583753694742,0.20834193679699123,0.018331757543309644,0.011264055244457196,1.0,0.0,1.0,0.0,13935045.1073276,1095586226.0034955,422.2238095238095,0,0.0,0.0,0.0,49016.47656670511,537049.5986149735
152,0.37321666666666675,0.18451317402529524,0.4260583753694742,0.20834193679699123,0.018331757543309644,0.011264055244457196,1.0,0.0,1.0,0.0,13935045.1073276,1095586226.0034955,422.2238095238095,0,0.0,0.0,0.0,48934.772442165406,537035.0930242491
153,0.37321666666666675,0.18451317402529524,0.4260583753694742,0.20834193679699123,0.018331757543309644,0.011264055244457196,1.0,0.0,1.0,0.0,13935045.1073276,1095586226.0034955,422.2238095238095,0,0.0,0.0,0.0,48717.04316038371,536690.206226868
154,0.37321666666666675,0.18451317402529524,0.4260583753694742,0.20834193679699123,0.018331757543309644,0.011264055244457196,1.0,0.0,1.0,0.0,13935045.1073276,1095586226.0034955,422.2238095238095,0,0.0,0.0,0.0,48591.36363299263,536501.0960510899
155,0.37704999999999994,0.18500906959750196,0.4208127946119014,0.20823755313140416,0.01733585351158764,0.00910618259446037,1.0,0.0,1.0,0.0,13935045.1073276,1095586226.0034955,422.2238095238095,0,0.0,0.0,0.0,48901.01514448314,537108.4225265156
156,0.37704999999999994,0.18500906959750196,0.4208127946119014,0.20823755313140416,0.01733585351158764,0.00910618259446037,1.0,0.0,1.0,0.0,13935045.1073276,1095586226.0034955,422.2238095238095,0,0.0,0.0,0.0,48905.43034343449,537106.1647433474
157,0.37704999999999994,0.18500906959750196,0.4208127946119014,0.20823755313140416,0.01733585351158764,0.00910618259446037,1.0,0.0,1.0,0.0,13934862.100528203,1095586226.0034955,422.2238095238095,0,0.0,0.0,0.0,48955.761635485665,537283.5542412868
158,0.37704999999999994,0.18500906959750196,0.4208127946119014,0.20823755313140416,0.01733585351158764,0.00910618259446037,1.0,0.0,1.0,0.0,13934862.100528203,1095586226.0034955,422.2238095238095,0,0.0,0.0,0.0,49071.129320762004,537564.2667154501
159,0.37704999999999994,0.18500906959750196,0.4208127946119014,0.20823755313140416,0.01733585351158764,0.00910618259446037,1.0,0.0,1.0,0.0,13934862.100528203,1095568340.4557269,422.2238095238095,0,0.0,0.0,0.0,48935.56272582008,537207.5368128658
160,0.3808000000000001,0.18498038634767022,0.4174039572728664,0.20709886316756554,0.016262308269204523,0.008833172181745888,1.0,0.0,1.0,0.0,13934862.100528203,1095568340.4557269,422.2238095238095,0,0.0,0.0,0.0,48839.986500818195,537005.6145265804
161,0.3808000000000001,0.18498038634767022,0.4174039572728664,0.20709886316756554,0.016262308269204523,0.008833172181745888,1.0,0.0,1.0,0.0,13934862.100528203,1095568340.4557269,422.2238095238095,0,0.0,0.0,0.0,48729.387491801506,536822.057711136
162,0.3808000000000001,0.18498038634767022,0.4174039572728664,0.20709886316756554,0.016262308269204523,0.008833172181745888,1.0,0.0,1.0,0.0,13934862.100528203,1095568340.4557269,422.2238095238095,0,0.0,0.0,0.0,48888.95471515588,537160.4717196955
163,0.3808000000000001,0.18498038634767022,0.4174039572728664,0.20709886316756554,0.016262308269204523,0.008833172181745888,1.0,0.0,1.0,0.0,13934862.100528203,1095568340.4557269,422.2238095238095,0,0.0,0.0,0.0,48808.15081603769,537011.0392283868
164,0.3808000000000001,0.18498038634767022,0.4174039572728664,0.20709886316756554,0.016262308269204523,0.008833172181745888,1.0,0.0,1.0,0.0,13934862.100528203,1095568340.4557269,422.2238095238095,0,0.0,0.0,0.0,48644.213780364735,536735.8396980645
165,0.38360000000000005,0.18482254552227478,0.4141366323627672,0.20646404982124275,0.015763312062617895,0.009436003031218469,1.0,0.0,1.0,0.0,13934862.100528203,1095568340.4557269,422.2238095238095,0,0.0,0.0,0.0,48558.43714018189,536515.5358058154
166,0.38360000000000005,0.18482254552227478,0.4141366323627672,0.20646404982124275,0.015763312062617895,0.009436003031218469,1.0,0.0,1.0,0.0,13934690.150989028,1095071320.8502116,422.2238095238095,0,0.0,0.0,0.0,48583.3291480502,536416.7654018973
167,0.38360000000000005,0.18482254552227478,0.4141366323627672,0.20646404982124275,0.015763312062617895,0.009436003031218469,1.0,0.0,1.0,0.0,13934134.725007968,1095071320.8502116,422.2238095238095,0,0.0,0.0,0.0,48574.869745853015,536424.7250250945
168,0.38360000000000005,0.18482254552227478,0.4141366323627672,0.20646404982124275,0.015763312062617895,0.009436003031218469,1.0,0.0,1.0,0.0,13932913.664468186,1095071320.8502116,422.2238095238095,0,0.0,0.0,0.0,48529.26028227518,536486.4876953478
169,0.38360000000000005,0.18482254552227478,0.4141366323627672,0.20646404982124275,0.015763312062617895,0.009436003031218469,1.0,0.0,1.0,0.0,13932913.664468186,1095071320.8502116,422.2238095238095,0,0.0,0.0,0.0,48626.28496852402,536733.8599762869
170,0.38633333333333336,0.18594019349122867,0.4116344896521726,0.207802022617615,0.013800417783398126,0.008407633195666807,1.0,0.0,1.0,0.0,13932913.664468186,1095071320.8502116,422.2238095238095,0,0.0,0.0,0.0,48511.21197796594,536647.4963393423
171,0.38633333333333336,0.18594019349122867,0.4116344896521726,0.207802022617615,0.013800417783398126,0.008407633195666807,1.0,0.0,1.0,0.0,13932913.664468186,1095071320.8502116,422.2238095238095,0,0.0,0.0,0.0,48293.209004254895,536320.9311252686
172,0.38633333333333336,0.18594019349122867,0.4116344896521726,0.207802022617615,0.013800417783398126,0.008407633195666807,1.0,0.0,1.0,0.0,13932913.664468186,1095071320.8502116,422.2238095238095,0,0.0,0.0,0.0,48292.374935071995,536364.0508662113
173,0.38633333333333336,0.18594019349122867,0.4116344896521726,0.207802022617615,0.013800417783398126,0.008407633195666807,1.0,0.0,1.0,0.0,13932913.664468186,1095071320.8502116,422.2238095238095,0,0.0,0.0,0.0,48235.40594367559,536271.9287902985
174,0.38633333333333336,0.18594019349122867,0.4116344896521726,0.207802022617615,0.013800417783398126,0.008407633195666807,1.0,0.0,1.0,0.0,13932913.664468186,1095056035.4251764,422.2238095238095,0,0.0,0.0,0.0,48247.91721948656,536429.0481266101
175,0.3893666666666667,0.1845635813359601,0.407587355488863,0.20512839203699185,0.013287076611717224,0.007478688730064916,1.0,0.0,1.0,0.0,13932913.664468186,1095056035.4251764,422.2238095238095,0,0.0,0.0,0.0,48303.09577878444,536437.6799044765
176,0.3893666666666667,0.1845635813359601,0.407587355488863,0.20512839203699185,0.013287076611717224,0.007478688730064916,1.0,0.0,1.0,0.0,13932913.664468186,1095056035.4251764,422.2238095238095,0,0.0,0.0,0.0,48224.087270473756,536313.013815241
177,0.3893666666666667,0.1845635813359601,0.407587355488863,0.20512839203699185,0.013287076611717224,0.007478688730064916,1.0,0.0,1.0,0.0,13932913.664468186,1095056035.4251764,422.2238095238095,0,0.0,0.0,0.0,47844.415457982665,535672.7613017655
178,0.3893666666666667,0.1845635813359601,0.407587355488863,0.20512839203699185,0.013287076611717224,0.007478688730064916,1.0,0.0,1.0,0.0,13932296.764700914,1095056035.4251764,422.2238095238095,0,0.0,0.0,0.0,47908.40341210108,535911.9417040732
179,0.3893666666666667,0.1845635813359601,0.407587355488863,0.20512839203699185,0.013287076611717224,0.007478688730064916,1.0,0.0,1.0,0.0,13932296.764700914,1095056035.4251764,422.2238095238095,0,0.0,0.0,0.0,47838.22392118092,535799.1712897691
180,0.39265,0.18444751511834828,0.40314295506493114,0.20338513554450074,0.016859050615957216,0.010333032459894876,1.0,0.0,1.0,0.0,13932296.764700914,1095056035.4251764,422.2238095238095,0,0.0,0.0,0.0,47918.1151086099,535909.8277951387
181,0.39265,0.18444751511834828,0.40314295506493114,0.20338513554450074,0.016859050615957216,0.010333032459894876,1.0,0.0,1.0,0.0,13932296.764700914,1095056035.4251764,422.2238095238095,0,0.0,0.0,0.0,47902.179354075764,535916.4072099634
182,0.39265,0.18444751511834828,0.40314295506493114,0.20338513554450074,0.016859050615957216,0.010333032459894876,1.0,0.0,1.0,0.0,13932296.764700914,1095056035.4251764,422.2238095238095,0,0.0,0.0,0.0,47860.736292236455,535880.1226478395
183,0.39265,0.18444751511834828,0.40314295506493114,0.20338513554450074,0.016859050615957216,0.010333032459894876,1.0,0.0,1.0,0.0,13932296.764700914,1095056035.4251764,422.2238095238095,0,0.0,0.0,0.0,47770.89970129093,535663.099686154
184,0.39265,0.18444751511834828,0.40314295506493114,0.20338513554450074,0.016859050615957216,0.010333032459894876,1.0,0.0,1.0,0.0,13932296.764700914,1095056035.4251764,422.2238095238095,0,0.0,0.0,0.0,47825.33718092205,535715.7722767933
185,0.39628333333333327,0.18359156132265145,0.39905314509388234,0.2018940705880454,0.014607398414780837,0.009758836085463721,1.0,0.0,1.0,0.0,13931740.850106971,1095056035.4251764,422.2238095238095,0,0.0,0.0,0.0,47735.571554476344,535503.709964808
186,0.39628333333333327,0.18359156132265145,0.39905314509388234,0.2018940705880454,0.014607398414780837,0.009758836085463721,1.0,0.0,1.0,0.0,13931740.850106971,1095056035.4251764,422.2238095238095,0,0.0,0.0,0.0,47748.82959088202,535592.7747285687
187,0.39628333333333327,0.18359156132265145,0.39905314509388234,0.2018940705880454,0.014607398414780837,0.009758836085463721,1.0,0.0,1.0,0.0,13931740.850106971,1095056035.4251764,422.2238095238095,0,0.0,0.0,0.0,47770.39000073258,535598.8233524075
188,0.39628333333333327,0.18359156132265145,0.39905314509388234,0.2018940705880454,0.014607398414780837,0.009758836085463721,1.0,0.0,1.0,0.0,13931740.850106971,1095056035.4251764,422.2238095238095,0,0.0,0.0,0.0,47943.6783824259,536083.6633517987
189,0.39628333333333327,0.18359156132265145,0.39905314509388234,0.2018940705880454,0.014607398414780837,0.009758836085463721,1.0,0.0,1.0,0.0,13931740.850106971,1095056035.4251764,422.2238095238095,0,0.0,0.0,0.0,47820.8962898931,535882.3388493963
190,0.39858333333333335,0.18399896210456068,0.39731764790199364,0.20195492031378506,0.015307122661859846,0.010073705006679888,1.0,0.0,1.0,0.0,13931740.850106971,1095056035.4251764,422.2238095238095,0,0.0,0.0,0.0,47790.16818684649,535867.6816116486
191,0.39858333333333335,0.18399896210456068,0.39731764790199364,0.20195492031378506,0.015307122661859846,0.010073705006679888,1.0,0.0,1.0,0.0,13931740.850106971,1095056035.4251764,422.2238095238095,0,0.0,0.0,0.0,47810.38663337761,535977.6842418998
192,0.39858333333333335,0.18399896210456068,0.39731764790199364,0.20195492031378506,0.015307122661859846,0.010073705006679888,1.0,0.0,1.0,0.0,13931740.850106971,1095056035.4251764,422.2238095238095,0,0.0,0.0,0.0,47781.93801918994,536025.3377587775
193,0.39858333333333335,0.18399896210456068,0.39731764790199364,0.20195492031378506,0.015307122661859846,0.010073705006679888,1.0,0.0,1.0,0.0,13931740.850106971,1095056035.4251764,422.2238095238095,0,0.0,0.0,0.0,47727.403247932976,535906.8310739922
194,0.39858333333333335,0.18399896210456068,0.39731764790199364,0.20195492031378506,0.015307122661859846,0.010073705006679888,1.0,0.0,1.0,0.0,13930757.661428384,1095056035.4251764,422.2238095238095,0,0.0,0.0,0.0,47804.09452830301,536073.5347387919
195,0.40008333333333346,0.18468712657416655,0.39619050175944487,0.20213937145619743,0.015700582091235375,0.01158216463449803,1.0,0.0,1.0,0.0,13930757.661428384,1095056035.4251764,422.2238095238095,0,0.0,0.0,0.0,47695.10987839951,535968.688962182
196,0.40008333333333346,0.18468712657416655,0.39619050175944487,0.20213937145619743,0.015700582091235375,0.01158216463449803,1.0,0.0,1.0,0.0,13930757.661428384,1095056035.4251764,422.2238095238095,0,0.0,0.0,0.0,47793.50035290024,536251.0807274835
197,0.40008333333333346,0.18468712657416655,0.39619050175944487,0.20213937145619743,0.015700582091235375,0.01158216463449803,1.0,0.0,1.0,0.0,13930757.661428384,1095056035.4251764,422.2238095238095,0,0.0,0.0,0.0,47728.819249075226,536185.0892553028
198,0.40008333333333346,0.18468712657416655,0.39619050175944487,0.20213937145619743,0.015700582091235375,0.01158216463449803,1.0,0.0,1.0,0.0,13930757.661428384,1095056035.4251764,422.2238095238095,0,0.0,0.0,0.0,47769.1524823037,536298.758602179
199,0.40008333333333346,0.18468712657416655,0.39619050175944487,0.20213937145619743,0.015700582091235375,0.01158216463449803,1.0,0.0,1.0,0.0,13930757.661428384,1095056035.4251764,422.2238095238095,0,0.0,0.0,0.0,47804.28357271252,536411.3026646283
200,0.40336666666666676,0.18520222880828285,0.39264491638808063,0.20137241404688808,0.014842517064636422,0.012511112788536262,1.0,0.0,1.0,0.0,13930757.661428384,1093507695.3024468,422.2238095238095,0,0.0,0.0,0.0,47726.01759489045,536382.3085156085
201,0.40336666666666676,0.18520222880828285,0.39264491638808063,0.20137241404688808,0.014842517064636422,0.012511112788536262,1.0,0.0,1.0,0.0,13930757.661428384,1093507695.3024468,422.2238095238095,0,0.0,0.0,0.0,47625.745454164324,536218.5591389028
202,0.40336666666666676,0.18520222880828285,0.39264491638808063,0.20137241404688808,0.014842517064636422,0.012511112788536262,1.0,0.0,1.0,0.0,13930435.44299776,1093409751.002039,422.2238095238095,0,0.0,0.0,0.0,47649.34435166443,536364.1933102523
203,0.40336666666666676,0.18520222880828285,0.39264491638808063,0.20137241404688808,0.014842517064636422,0.012511112788536262,1.0,0.0,1.0,0.0,13930435.44299776,1093409751.002039,422.2238095238095,0,0.0,0.0,0.0,47744.65105899325,536562.2924989079
204,0.40336666666666676,0.18520222880828285,0.39264491638808063,0.20137241404688808,0.014842517064636422,0.012511112788536262,1.0,0.0,1.0,0.0,13930435.44299776,1093322248.7199183,422.2238095238095,0,0.0,0.0,0.0,47672.906797484415,536507.3337271895
205,0.4049833333333333,0.18609215832186182,0.3912493698118558,0.20197984602782823,0.01279403927965022,0.006295097363357591,1.0,0.0,1.0,0.0,13930435.44299776,1093322248.7199183,422.2238095238095,0,0.0,0.0,0.0,47494.190520996104,536197.1301121975
206,0.4049833333333333,0.18609215832186182,0.3912493698118558,0.20197984602782823,0.01279403927965022,0.006295097363357591,1.0,0.0,1.0,0.0,13930435.44299776,1093322248.7199183,422.2238095238095,0,0.0,0.0,0.0,47398.162021869095,536099.146689448
207,0.4049833333333333,0.18609215832186182,0.3912493698118558,0.20197984602782823,0.01279403927965022,0.006295097363357591,1.0,0.0,1.0,0.0,13930366.779586669,1093322248.7199183,422.2238095238095,0,0.0,0.0,0.0,47401.10566875046,536115.2580300694
208,0.4049833333333333,0.18609215832186182,0.3912493698118558,0.20197984602782823,0.01279403927965022,0.006295097363357591,1.0,0.0,1.0,0.0,13930366.779586669,1093322248.7199183,422.2238095238095,0,0.0,0.0,0.0,47571.10205877164,536469.5091092528
209,0.4049833333333333,0.18609215832186182,0.3912493698118558,0.20197984602782823,0.01279403927965022,0.006295097363357591,1.0,0.0,1.0,0.0,13930259.73578407,1093322248.7199183,422.2238095238095,0,0.0,0.0,0.0,47540.84497100455,536442.186246445
210,0.40668333333333345,0.18656279029383704,0.38941283997036213,0.20199150275535677,0.014201368844636023,0.007371980298917403,1.0,0.0,1.0,0.0,13930259.73578407,1093322248.7199183,422.2238095238095,0,0.0,0.0,0.0,47595.836361345224,536546.6470300012
211,0.40668333333333345,0.18656279029383704,0.38941283997036213,0.20199150275535677,0.014201368844636023,0.007371980298917403,1.0,0.0,1.0,0.0,13930259.73578407,1092825584.7481992,422.2238095238095,0,0.0,0.0,0.0,47667.34209376836,536739.9879504084
212,0.40668333333333345,0.18656279029383704,0.38941283997036213,0.20199150275535677,0.014201368844636023,0.007371980298917403,1.0,0.0,1.0,0.0,13930259.73578407,1092825584.7481992,422.2238095238095,0,0.0,0.0,0.0,47580.015211081954,536554.1063197877
213,0.40668333333333345,0.18656279029383704,0.38941283997036213,0.20199150275535677,0.014201368844636023,0.007371980298917403,1.0,0.0,1.0,0.0,13930259.73578407,1092825584.7481992,422.2238095238095,0,0.0,0.0,0.0,47652.22294037023,536724.3272003133
214,0.40668333333333345,0.18656279029383704,0.38941283997036213,0.20199150275535677,0.014201368844636023,0.007371980298917403,1.0,0.0,1.0,0.0,13930259.73578407,1092825584.7481992,422.2238095238095,0,0.0,0.0,0.0,47662.21028482046,536698.2186926164
215,0.4084833333333334,0.18704578242297318,0.38794019484773723,0.20218324274370453,0.014343854710191443,0.011032900409752135,1.0,0.0,1.0,0.0,13930259.73578407,1092463788.1911159,422.2238095238095,0,0.0,0.0,0.0,47666.23733347223,536831.4858378745
216,0.4084833333333334,0.18704578242297318,0.38794019484773723,0.20218324274370453,0.014343854710191443,0.011032900409752135,1.0,0.0,1.0,0.0,13929197.246114943,1092463788.1911159,422.2238095238095,0,0.0,0.0,0.0,47686.190169766785,536909.8775025747
217,0.4084833333333334,0.18704578242297318,0.38794019484773723,0.20218324274370453,0.014343854710191443,0.011032900409752135,1.0,0.0,1.0,0.0,13929176.194406543,1092459025.2848244,422.2238095238095,0,0.0,0.0,0.0,47628.047633946044,536735.8267292171
218,0.4084833333333334,0.18704578242297318,0.38794019484773723,0.20218324274370453,0.014343854710191443,0.011032900409752135,1.0,0.0,1.0,0.0,13929176.194406543,1092459025.2848244,422.2238095238095,0,0.0,0.0,0.0,47550.458970260144,536641.6549910957
219,0.4084833333333334,0.18704578242297318,0.38794019484773723,0.20218324274370453,0.014343854710191443,0.011032900409752135,1.0,0.0,1.0,0.0,13929082.007427324,1092459025.2848244,422.2238095238095,0,0.0,0.0,0.0,47609.47691655634,536777.4998605209
220,0.40978333333333344,0.1876747933409161,0.3869368575842028,0.2024323887129412,0.01674585066365877,0.013501031808004715,1.0,0.0,1.0,0.0,13929082.007427324,1092459025.2848244,422.2238095238095,0,0.0,0.0,0.0,47541.991174490344,536663.6150535144
221,0.40978333333333344,0.1876747933409161,0.3869368575842028,0.2024323887129412,0.01674585066365877,0.013501031808004715,1.0,0.0,1.0,0.0,13929082.007427324,1092459025.2848244,422.2238095238095,0,0.0,0.0,0.0,47445.688736160606,536528.9322475558
222,0.40978333333333344,0.1876747933409161,0.3869368575842028,0.2024323887129412,0.01674585066365877,0.013501031808004715,1.0,0.0,1.0,0.0,13928412.12248432,1092459025.2848244,422.2238095238095,0,0.0,0.0,0.0,47428.5474314417,536526.8370975784
223,0.40978333333333344,0.1876747933409161,0.3869368575842028,0.2024323887129412,0.01674585066365877,0.013501031808004715,1.0,0.0,1.0,0.0,13928412.12248432,1092459025.2848244,422.2238095238095,0,0.0,0.0,0.0,47429.65036653205,536612.4591293198
224,0.40978333333333344,0.1876747933409161,0.3869368575842028,0.2024323887129412,0.01674585066365877,0.013501031808004715,1.0,0.0,1.0,0.0,13928412.12248432,1092459025.2848244,422.2238095238095,0,0.0,0.0,0.0,47464.57362389234,536706.9746108983
225,0.41131666666666666,0.18770941564615834,0.3856929264891139,0.20207066744215768,0.017477710316176304,0.014315609688906801,1.0,0.0,1.0,0.0,13927627.006415106,1092459025.2848244,422.2238095238095,0,0.0,0.0,0.0,47491.948688893724,536733.8996303618
226,0.41131666666666666,0.18770941564615834,0.3856929264891139,0.20207066744215768,0.017477710316176304,0.014315609688906801,1.0,0.0,1.0,0.0,13927627.006415106,1092459025.2848244,422.2238095238095,0,0.0,0.0,0.0,47480.6135290983,536727.7212775283
227,0.41131666666666666,0.18770941564615834,0.3856929264891139,0.20207066744215768,0.017477710316176304,0.014315609688906801,1.0,0.0,1.0,0.0,13927588.257307474,1092459025.2848244,422.2238095238095,0,0.0,0.0,0.0,47476.885294302476,536809.9656278538
228,0.41131666666666666,0.18770941564615834,0.3856929264891139,0.20207066744215768,0.017477710316176304,0.014315609688906801,1.0,0.0,1.0,0.0,13927588.257307474,1092286689.8780017,422.2238095238095,0,0.0,0.0,0.0,47454.47012068949,536853.7191591705
229,0.41131666666666666,0.18770941564615834,0.3856929264891139,0.20207066744215768,0.017477710316176304,0.014315609688906801,1.0,0.0,1.0,0.0,13927588.257307474,1092286689.8780017,422.2238095238095,0,0.0,0.0,0.0,47511.35172711608,537077.8489534612
230,0.4124166666666667,0.18774917147324216,0.38405813490893853,0.20123995662699215,0.016289125631147105,0.012915018353407828,1.0,0.0,1.0,0.0,13926926.520717781,1092286689.8780017,422.2238095238095,0,0.0,0.0,0.0,47603.4584633093,537224.5761493967
231,0.4124166666666667,0.18774917147324216,0.38405813490893853,0.20123995662699215,0.016289125631147105,0.012915018353407828,1.0,0.0,1.0,0.0,13926926.520717781,1092286689.8780017,422.2238095238095,0,0.0,0.0,0.0,47506.76133455945,537114.6587354871
232,0.4124166666666667,0.18774917147324216,0.38405813490893853,0.20123995662699215,0.016289125631147105,0.012915018353407828,1.0,0.0,1.0,0.0,13926926.520717781,1092286689.8780017,422.2238095238095,0,0.0,0.0,0.0,47452.905503706505,537098.6743054125
233,0.4124166666666667,0.18774917147324216,0.38405813490893853,0.20123995662699215,0.016289125631147105,0.012915018353407828,1.0,0.0,1.0,0.0,13926926.520717781,1092286689.8780017,422.2238095238095,0,0.0,0.0,0.0,47377.135477873686,536929.6738550505
234,0.4124166666666667,0.18774917147324216,0.38405813490893853,0.20123995662699215,0.016289125631147105,0.012915018353407828,1.0,0.0,1.0,0.0,13926926.520717781,1092240657.2807848,422.2238095238095,0,0.0,0.0,0.0,47476.62906108918,537101.8642600813
235,0.4137833333333333,0.18758418924726988,0.38273117470095624,0.20080333368244224,0.014915691656486712,0.00899230841374311,1.0,0.0,1.0,0.0,13926926.520717781,1092240657.2807848,422.2238095238095,0,0.0,0.0,0.0,47520.85187159906,537234.5157125152
236,0.4137833333333333,0.18758418924726988,0.38273117470095624,0.20080333368244224,0.014915691656486712,0.00899230841374311,1.0,0.0,1.0,0.0,13926926.520717781,1092240657.2807848,422.2238095238095,0,0.0,0.0,0.0,47460.1275274714,537178.075237979
237,0.4137833333333333,0.18758418924726988,0.38273117470095624,0.20080333368244224,0.014915691656486712,0.00899230841374311,1.0,0.0,1.0,0.0,13926926.520717781,1092240657.2807848,422.2238095238095,0,0.0,0.0,0.0,47604.83714211818,537581.8242044413
238,0.4137833333333333,0.18758418924726988,0.38273117470095624,0.20080333368244224,0.014915691656486712,0.00899230841374311,1.0,0.0,1.0,0.0,13926926.520717781,1092240657.2807848,422.2238095238095,0,0.0,0.0,0.0,47537.43780911,537452.5648496486
239,0.4137833333333333,0.18758418924726988,0.38273117470095624,0.20080333368244224,0.014915691656486712,0.00899230841374311,1.0,0.0,1.0,0.0,13926926.520717781,1092240657.2807848,422.2238095238095,0,0.0,0.0,0.0,47538.653601514365,537382.1281249279
240,0.4149000000000001,0.18767105086649175,0.38140514761757527,0.19984084594364876,0.012905847497272383,0.007002012827003257,1.0,0.0,1.0,0.0,13926926.520717781,1092240657.2807848,422.2238095238095,0,0.0,0.0,0.0,47626.11027060938,537656.5607062463
241,0.4149000000000001,0.18767105086649175,0.38140514761757527,0.19984084594364876,0.012905847497272383,0.007002012827003257,1.0,0.0,1.0,0.0,13926926.520717781,1092240657.2807848,422.2238095238095,0,0.0,0.0,0.0,47434.42526737006,537387.9320207636
242,0.4149000000000001,0.18767105086649175,0.38140514761757527,0.19984084594364876,0.012905847497272383,0.007002012827003257,1.0,0.0,1.0,0.0,13926926.520717781,1092240657.2807848,422.2238095238095,0,0.0,0.0,0.0,47379.74665379509,537258.5425747295
243,0.4149000000000001,0.18767105086649175,0.38140514761757527,0.19984084594364876,0.012905847497272383,0.007002012827003257,1.0,0.0,1.0,0.0,13926926.520717781,1092240657.2807848,422.2238095238095,0,0.0,0.0,0.0,47372.800698682906,537255.1405982501
244,0.4149000000000001,0.18767105086649175,0.38140514761757527,0.19984084594364876,0.012905847497272383,0.007002012827003257,1.0,0.0,1.0,0.0,13926926.520717781,1092240657.2807848,422.2238095238095,0,0.0,0.0,0.0,47316.431392312734,537231.539305531
245,0.41634999999999994,0.18790002439240575,0.38013977358948636,0.1993673588692066,0.014646553972353878,0.009168541572854877,1.0,0.0,1.0,0.0,13926213.741336098,1091962185.0673206,422.2238095238095,0,0.0,0.0,0.0,47394.12860645424,537383.819637732
246,0.41634999999999994,0.18790002439240575,0.38013977358948636,0.1993673588692066,0.014646553972353878,0.009168541572854877,1.0,0.0,1.0,0.0,13926213.741336098,1091962185.0673206,422.2238095238095,0,0.0,0.0,0.0,47350.158946628035,537310.7405158246
247,0.41634999999999994,0.18790002439240575,0.38013977358948636,0.1993673588692066,0.014646553972353878,0.009168541572854877,1.0,0.0,1.0,0.0,13926213.741336098,1091962185.0673206,422.2238095238095,0,0.0,0.0,0.0,47318.006772265675,537125.6166697025
248,0.41634999999999994,0.18790002439240575,0.38013977358948636,0.1993673588692066,0.014646553972353878,0.009168541572854877,1.0,0.0,1.0,0.0,13926213.741336098,1091962185.0673206,422.2238095238095,0,0.0,0.0,0.0,47430.278596411794,537423.487011288
249,0.41634999999999994,0.18790002439240575,0.38013977358948636,0.1993673588692066,0.014646553972353878,0.009168541572854877,1.0,0.0,1.0,0.0,13926213.741336098,1090309790.9523327,422.2238095238095,0,0.0,0.0,0.0,47410.76107749213,537419.6440228542
250,0.4180166666666666,0.18817529431062116,0.37837883466226235,0.19866173251816427,0.015100871584642872,0.010607729223317316,1.0,0.0,1.0,0.0,13926213.741336098,1090309790.9523327,422.2238095238095,0,0.0,0.0,0.0,47287.23087822834,537212.4113500157
251,0.4180166666666666,0.18817529431062116,0.37837883466226235,0.19866173251816427,0.015100871584642872,0.010607729223317316,1.0,0.0,1.0,0.0,13926213.741336098,1090309790.9523327,422.2238095238095,0,0.0,0.0,0.0,47246.81912275406,537226.870732235
252,0.4180166666666666,0.18817529431062116,0.37837883466226235,0.19866173251816427,0.015100871584642872,0.010607729223317316,1.0,0.0,1.0,0.0,13926213.741336098,1090309790.9523327,422.2238095238095,0,0.0,0.0,0.0,47220.92923359002,537134.3409413741
253,0.4180166666666666,0.18817529431062116,0.37837883466226235,0.19866173251816427,0.015100871584642872,0.010607729223317316,1.0,0.0,1.0,0.0,13926213.741336098,1090309790.9523327,422.2238095238095,0,0.0,0.0,0.0,47271.17208568495,537236.2323522812
254,0.4180166666666666,0.18817529431062116,0.37837883466226235,0.19866173251816427,0.015100871584642872,0.010607729223317316,1.0,0.0,1.0,0.0,13926213.741336098,1090309790.9523327,422.2238095238095,0,0.0,0.0,0.0,47297.56822898741,537271.5286962447
255,0.42034999999999995,0.1877303984441518,0.3746501428483688,0.1969346495675126,0.015110190366425873,0.01109950352799628,1.0,0.0,1.0,0.0,13925838.808201944,1090309790.9523327,422.2238095238095,0,0.0,0.0,0.0,47219.33247876671,537106.4867800518
256,0.42034999999999995,0.1877303984441518,0.3746501428483688,0.1969346495675126,0.015110190366425873,0.01109950352799628,1.0,0.0,1.0,0.0,13925838.808201944,1090309790.9523327,422.2238095238095,0,0.0,0.0,0.0,47189.96359593102,536998.084236834
257,0.42034999999999995,0.1877303984441518,0.3746501428483688,0.1969346495675126,0.015110190366425873,0.01109950352799628,1.0,0.0,1.0,0.0,13925838.808201944,1090309790.9523327,422.2238095238095,0,0.0,0.0,0.0,47208.55262785048,537027.008746412
258,0.42034999999999995,0.1877303984441518,0.3746501428483688,0.1969346495675126,0.015110190366425873,0.01109950352799628,1.0,0.0,1.0,0.0,13925838.808201944,1090309790.9523327,422.2238095238095,0,0.0,0.0,0.0,47218.041712034326,537095.2377247241
259,0.42034999999999995,0.1877303984441518,0.3746501428483688,0.1969346495675126,0.015110190366425873,0.01109950352799628,1.0,0.0,1.0,0.0,13925838.808201944,1090309790.9523327,422.2238095238095,0,0.0,0.0,0.0,47257.25908069085,537202.9297308973
260,0.4215833333333335,0.18750018148139364,0.3734765532164567,0.19659623703242482,0.014155896997960013,0.009773215130032875,1.0,0.0,1.0,0.0,13925838.808201944,1090309790.9523327,422.2238095238095,0,0.0,0.0,0.0,47318.43002108227,537327.2227262605
261,0.4215833333333335,0.18750018148139364,0.3734765532164567,0.19659623703242482,0.014155896997960013,0.009773215130032875,1.0,0.0,1.0,0.0,13925838.808201944,1090309790.9523327,422.2238095238095,0,0.0,0.0,0.0,47358.28067347083,537558.0096524191
262,0.4215833333333335,0.18750018148139364,0.3734765532164567,0.19659623703242482,0.014155896997960013,0.009773215130032875,1.0,0.0,1.0,0.0,13925838.808201944,1090309790.9523327,422.2238095238095,0,0.0,0.0,0.0,47440.35039799917,537793.3835130321
263,0.4215833333333335,0.18750018148139364,0.3734765532164567,0.19659623703242482,0.014155896997960013,0.009773215130032875,1.0,0.0,1.0,0.0,13925838.808201944,1090309790.9523327,422.2238095238095,0,0.0,0.0,0.0,47610.11547952153,538235.8750282048
264,0.4215833333333335,0.18750018148139364,0.3734765532164567,0.19659623703242482,0.014155896997960013,0.009773215130032875,1.0,0.0,1.0,0.0,13925838.808201944,1090309790.9523327,422.2238095238095,0,0.0,0.0,0.0,47639.09726518952,538241.5562935234
265,0.4224666666666666,0.18727960083492515,0.37280444006114627,0.1965245755060306,0.012015088170620802,0.006170707237927157,1.0,0.0,1.0,0.0,13925838.808201944,1090146969.676944,422.2238095238095,0,0.0,0.0,0.0,47495.00124042651,537980.1618730008
266,0.4224666666666666,0.18727960083492515,0.37280444006114627,0.1965245755060306,0.012015088170620802,0.006170707237927157,1.0,0.0,1.0,0.0,13925838.808201944,1090146969.676944,422.2238095238095,0,0.0,0.0,0.0,47463.00753630884,537876.5573097675
267,0.4224666666666666,0.18727960083492515,0.37280444006114627,0.1965245755060306,0.012015088170620802,0.006170707237927157,1.0,0.0,1.0,0.0,13925838.808201944,1090146969.676944,422.2238095238095,0,0.0,0.0,0.0,47347.04183643141,537607.3795205498
268,0.4224666666666666,0.18727960083492515,0.37280444006114627,0.1965245755060306,0.012015088170620802,0.006170707237927157,1.0,0.0,1.0,0.0,13925838.808201944,1090146969.676944,422.2238095238095,0,0.0,0.0,0.0,47283.53499830137,537451.6017464453
269,0.4224666666666666,0.18727960083492515,0.37280444006114627,0.1965245755060306,0.012015088170620802,0.006170707237927157,1.0,0.0,1.0,0.0,13925838.808201944,1090146969.676944,422.2238095238095,0,0.0,0.0,0.0,47312.35091227957,537543.7472277946
270,0.42384999999999995,0.18709628314498036,0.3717780641685068,0.19645647346727105,0.013439480230792,0.008096526660511817,1.0,0.0,1.0,0.0,13924640.64437,1090146969.676944,422.2238095238095,0,0.0,0.0,0.0,47301.19711397149,537490.5934448533
271,0.42384999999999995,0.18709628314498036,0.3717780641685068,0.19645647346727105,0.013439480230792,0.008096526660511817,1.0,0.0,1.0,0.0,13924640.64437,1090146969.676944,422.2238095238095,0,0.0,0.0,0.0,47273.153845843444,537538.063868512
272,0.42384999999999995,0.18709628314498036,0.3717780641685068,0.19645647346727105,0.013439480230792,0.008096526660511817,1.0,0.0,1.0,0.0,13924640.64437,1090146969.676944,422.2238095238095,0,0.0,0.0,0.0,47231.992776090214,537491.298341496
273,0.42384999999999995,0.18709628314498036,0.3717780641685068,0.19645647346727105,0.013439480230792,0.008096526660511817,1.0,0.0,1.0,0.0,13924640.64437,1090146969.676944,422.2238095238095,0,0.0,0.0,0.0,47188.55938191856,537491.9602741074
274,0.42384999999999995,0.18709628314498036,0.3717780641685068,0.19645647346727105,0.013439480230792,0.008096526660511817,1.0,0.0,1.0,0.0,13922583.574730203,1090146969.676944,422.2238095238095,0,0.0,0.0,0.0,47111.90008905794,537395.1538320526
275,0.42486666666666667,0.18699032654718323,0.37064263074464204,0.19587838540268918,0.011528048063144513,0.007213369928843797,1.0,0.0,1.0,0.0,13922583.574730203,1089717585.2725124,422.2238095238095,0,0.0,0.0,0.0,47133.60337421487,537428.1366850378
276,0.42486666666666667,0.18699032654718323,0.37064263074464204,0.19587838540268918,0.011528048063144513,0.007213369928843797,1.0,0.0,1.0,0.0,13922121.886797903,1089717585.2725124,422.2238095238095,0,0.0,0.0,0.0,47106.01215232323,537327.2300541967
277,0.42486666666666667,0.18699032654718323,0.37064263074464204,0.19587838540268918,0.011528048063144513,0.007213369928843797,1.0,0.0,1.0,0.0,13922121.886797903,1089717585.2725124,422.2238095238095,0,0.0,0.0,0.0,47144.939573382486,537416.1633176146
278,0.42486666666666667,0.18699032654718323,0.37064263074464204,0.19587838540268918,0.011528048063144513,0.007213369928843797,1.0,0.0,1.0,0.0,13921816.020086782,1089717585.2725124,422.2238095238095,0,0.0,0.0,0.0,46945.65825755058,537000.6577585613
279,0.42486666666666667,0.18699032654718323,0.37064263074464204,0.19587838540268918,0.011528048063144513,0.007213369928843797,1.0,0.0,1.0,0.0,13921721.438494194,1089716078.310427,422.2238095238095,0,0.0,0.0,0.0,46846.141024312376,536859.8552021647
280,0.4262666666666667,0.1861984037406217,0.36855162237961026,0.19390513638970375,0.012912251665824966,0.00938641975207374,1.0,0.0,1.0,0.0,13921721.438494194,1089716078.310427,422.2238095238095,0,0.0,0.0,0.0,46777.73755448708,536707.1643542986
281,0.4262666666666667,0.1861984037406217,0.36855162237961026,0.19390513638970375,0.012912251665824966,0.00938641975207374,1.0,0.0,1.0,0.0,13921671.99784869,1089716078.310427,422.2238095238095,0,0.0,0.0,0.0,46873.70414242244,536975.812011636
282,0.4262666666666667,0.1861984037406217,0.36855162237961026,0.19390513638970375,0.012912251665824966,0.00938641975207374,1.0,0.0,1.0,0.0,13920570.0109598,1089716078.310427,422.2238095238095,0,0.0,0.0,0.0,46773.49064369128,536732.2156344765
283,0.4262666666666667,0.1861984037406217,0.36855162237961026,0.19390513638970375,0.012912251665824966,0.00938641975207374,1.0,0.0,1.0,0.0,13920570.0109598,1089716078.310427,422.2238095238095,0,0.0,0.0,0.0,46799.14388764598,536850.115696562
284,0.4262666666666667,0.1861984037406217,0.36855162237961026,0.19390513638970375,0.012912251665824966,0.00938641975207374,1.0,0.0,1.0,0.0,13920570.0109598,1089716078.310427,422.2238095238095,0,0.0,0.0,0.0,46697.29847851326,536630.4689648882
285,0.4282666666666666,0.18538377910582027,0.36585969578323163,0.19250733866050088,0.014601729913166822,0.010434725063628648,1.0,0.0,1.0,0.0,13920570.0109598,1089716078.310427,422.2238095238095,0,0.0,0.0,0.0,46775.31187902543,536830.4247586674
286,0.4282666666666666,0.18538377910582027,0.36585969578323163,0.19250733866050088,0.014601729913166822,0.010434725063628648,1.0,0.0,1.0,0.0,13919729.42744393,1089716078.310427,422.2238095238095,0,0.0,0.0,0.0,46764.09620045053,536883.2085733351
287,0.4282666666666666,0.18538377910582027,0.36585969578323163,0.19250733866050088,0.014601729913166822,0.010434725063628648,1.0,0.0,1.0,0.0,13919352.614591403,1089716078.310427,422.2238095238095,0,0.0,0.0,0.0,46844.230556850416,537073.9951413196
288,0.4282666666666666,0.18538377910582027,0.36585969578323163,0.19250733866050088,0.014601729913166822,0.010434725063628648,1.0,0.0,1.0,0.0,13919352.614591403,1089305907.6543732,422.2238095238095,0,0.0,0.0,0.0,46832.56715357083,537068.747256613
289,0.4282666666666666,0.18538377910582027,0.36585969578323163,0.19250733866050088,0.014601729913166822,0.010434725063628648,1.0,0.0,1.0,0.0,13919352.614591403,1089305907.6543732,422.2238095238095,0,0.0,0.0,0.0,46827.830742697806,537073.4400550583
290,0.4326,0.18272193810997808,0.360589862139798,0.18984107305949363,0.01614070860587269,0.011210179133995756,1.0,0.0,1.0,0.0,13918345.42324804,1089305907.6543732,422.2238095238095,0,0.0,0.0,0.0,46840.93801468661,537172.2175555306
291,0.4326,0.18272193810997808,0.360589862139798,0.18984107305949363,0.01614070860587269,0.011210179133995756,1.0,0.0,1.0,0.0,13918345.42324804,1088885278.5953114,422.2238095238095,0,0.0,0.0,0.0,46941.61563177493,537431.3770483845
292,0.4326,0.18272193810997808,0.360589862139798,0.18984107305949363,0.01614070860587269,0.011210179133995756,1.0,0.0,1.0,0.0,13918345.42324804,1088885278.5953114,422.2238095238095,0,0.0,0.0,0.0,46937.64549470956,537430.1877319571
293,0.4326,0.18272193810997808,0.360589862139798,0.18984107305949363,0.01614070860587269,0.011210179133995756,1.0,0.0,1.0,0.0,13918345.42324804,1088786523.6460927,422.2238095238095,0,0.0,0.0,0.0,46788.28238269057,537178.7718512394
294,0.4326,0.18272193810997808,0.360589862139798,0.18984107305949363,0.01614070860587269,0.011210179133995756,1.0,0.0,1.0,0.0,13918345.42324804,1088786523.6460927,422.2238095238095,0,0.0,0.0,0.0,46810.029898402034,537236.200034125
295,0.4338,0.1833074648416334,0.3600078830700193,0.1900052293037224,0.015300489793151113,0.010387989579024613,1.0,0.0,1.0,0.0,13918345.42324804,1088518897.8875644,422.2238095238095,0,0.0,0.0,0.0,46799.839830997684,537226.5542771952
296,0.4338,0.1833074648416334,0.3600078830700193,0.1900052293037224,0.015300489793151113,0.010387989579024613,1.0,0.0,1.0,0.0,13918345.42324804,1088518897.8875644,422.2238095238095,0,0.0,0.0,0.0,46817.73891652306,537299.5655506755
297,0.4338,0.1833074648416334,0.3600078830700193,0.1900052293037224,0.015300489793151113,0.010387989579024613,1.0,0.0,1.0,0.0,13918345.42324804,1088518897.8875644,422.2238095238095,0,0.0,0.0,0.0,46802.37698582472,537291.9848980819
298,0.4338,0.1833074648416334,0.3600078830700193,0.1900052293037224,0.015300489793151113,0.010387989579024613,1.0,0.0,1.0,0.0,13918345.42324804,1088518897.8875644,422.2238095238095,0,0.0,0.0,0.0,46825.40902225754,537386.1499225406
299,0.4338,0.1833074648416334,0.3600078830700193,0.1900052293037224,0.015300489793151113,0.010387989579024613,1.0,0.0,1.0,0.0,13918345.42324804,1088518897.8875644,422.2238095238095,0,0.0,0.0,0.0,46710.177908928235,537122.8527491983
300,0.4347333333333333,0.1837402484184913,0.359287928311737,0.1900624531668315,0.012523281524178136,0.007912957955312248,1.0,0.0,1.0,0.0,13918345.42324804,1087947038.3231292,422.2238095238095,0,0.0,0.0,0.0,46671.29751442299,537082.1007620214
301,0.4347333333333333,0.1837402484184913,0.359287928311737,0.1900624531668315,0.012523281524178136,0.007912957955312248,1.0,0.0,1.0,0.0,13918345.42324804,1087947038.3231292,422.2238095238095,0,0.0,0.0,0.0,46746.77879865779,537258.666256114
302,0.4347333333333333,0.1837402484184913,0.359287928311737,0.1900624531668315,0.012523281524178136,0.007912957955312248,1.0,0.0,1.0,0.0,13917601.770853993,1087947038.3231292,422.2238095238095,0,0.0,0.0,0.0,46845.60131647408,537527.6616501309
303,0.4347333333333333,0.1837402484184913,0.359287928311737,0.1900624531668315,0.012523281524178136,0.007912957955312248,1.0,0.0,1.0,0.0,13917601.770853993,1087947038.3231292,422.2238095238095,0,0.0,0.0,0.0,46791.26270258129,537435.1229836489
304,0.4347333333333333,0.1837402484184913,0.359287928311737,0.1900624531668315,0.012523281524178136,0.007912957955312248,1.0,0.0,1.0,0.0,13917601.770853993,1087947038.3231292,422.2238095238095,0,0.0,0.0,0.0,46758.33658948711,537405.2842377514
305,0.4354666666666667,0.18379648769464796,0.35861189572288976,0.19002926700426556,0.012619875827537862,0.0069106421199829505,1.0,0.0,1.0,0.0,13917601.770853993,1087947038.3231292,422.2238095238095,0,0.0,0.0,0.0,46752.3883283051,537402.6707829678
306,0.4354666666666667,0.18379648769464796,0.35861189572288976,0.19002926700426556,0.012619875827537862,0.0069106421199829505,1.0,0.0,1.0,0.0,13917601.770853993,1087947038.3231292,422.2238095238095,0,0.0,0.0,0.0,46724.99921310817,537393.4050281199
307,0.4354666666666667,0.18379648769464796,0.35861189572288976,0.19002926700426556,0.012619875827537862,0.0069106421199829505,1.0,0.0,1.0,0.0,13917601.770853993,1087947038.3231292,422.2238095238095,0,0.0,0.0,0.0,46631.549851479984,537219.5153128195
308,0.4354666666666667,0.18379648769464796,0.35861189572288976,0.19002926700426556,0.012619875827537862,0.0069106421199829505,1.0,0.0,1.0,0.0,13916838.65722877,1087947038.3231292,422.2238095238095,0,0.0,0.0,0.0,46705.87972767618,537356.5482720769
309,0.4354666666666667,0.18379648769464796,0.35861189572288976,0.19002926700426556,0.012619875827537862,0.0069106421199829505,1.0,0.0,1.0,0.0,13916838.65722877,1087947038.3231292,422.2238095238095,0,0.0,0.0,0.0,46651.91995972483,537209.4438784779
310,0.43650000000000005,0.18394972139147156,0.3577183508198862,0.19027191122256157,0.015117553508895975,0.010785966139293428,1.0,0.0,1.0,0.0,13916838.65722877,1087947038.3231292,422.2238095238095,0,0.0,0.0,0.0,46638.5551159777,537317.4663798122
311,0.43650000000000005,0.18394972139147156,0.3577183508198862,0.19027191122256157,0.015117553508895975,0.010785966139293428,1.0,0.0,1.0,0.0,13915583.237988103,1087947038.3231292,422.2238095238095,0,0.0,0.0,0.0,46627.19204077265,537278.8781512297
312,0.43650000000000005,0.18394972139147156,0.3577183508198862,0.19027191122256157,0.015117553508895975,0.010785966139293428,1.0,0.0,1.0,0.0,13915583.237988103,1087947038.3231292,422.2238095238095,0,0.0,0.0,0.0,46589.06159170157,537255.5423698546
313,0.43650000000000005,0.18394972139147156,0.3577183508198862,0.19027191122256157,0.015117553508895975,0.010785966139293428,1.0,0.0,1.0,0.0,13915583.237988103,1087947038.3231292,422.2238095238095,0,0.0,0.0,0.0,46592.14832268688,537260.657660187
314,0.43650000000000005,0.18394972139147156,0.3577183508198862,0.19027191122256157,0.015117553508895975,0.010785966139293428,1.0,0.0,1.0,0.0,13915091.057173857,1087947038.3231292,422.2238095238095,0,0.0,0.0,0.0,46616.83369562585,537372.9199683967
315,0.43736666666666674,0.18409987929261534,0.35716776129315453,0.19035623178022548,0.016012610041187324,0.010190113849880236,1.0,0.0,1.0,0.0,13915091.057173857,1087947038.3231292,422.2238095238095,0,0.0,0.0,0.0,46718.80516842706,537628.9569234988
316,0.43736666666666674,0.18409987929261534,0.35716776129315453,0.19035623178022548,0.016012610041187324,0.010190113849880236,1.0,0.0,1.0,0.0,13915091.057173857,1087947038.3231292,422.2238095238095,0,0.0,0.0,0.0,46719.50300700373,537666.1751060089
317,0.43736666666666674,0.18409987929261534,0.35716776129315453,0.19035623178022548,0.016012610041187324,0.010190113849880236,1.0,0.0,1.0,0.0,13915091.057173857,1087947038.3231292,422.2238095238095,0,0.0,0.0,0.0,46585.676507187425,537339.2572937185
318,0.43736666666666674,0.18409987929261534,0.35716776129315453,0.19035623178022548,0.016012610041187324,0.010190113849880236,1.0,0.0,1.0,0.0,13915091.057173857,1087885700.8192744,422.2238095238095,0,0.0,0.0,0.0,46465.074833379585,537187.0157229209
319,0.43736666666666674,0.18409987929261534,0.35716776129315453,0.19035623178022548,0.016012610041187324,0.010190113849880236,1.0,0.0,1.0,0.0,13915091.057173857,1087885700.8192744,422.2238095238095,0,0.0,0.0,0.0,46491.15519721361,537279.6321887072
320,0.43875000000000003,0.1844118014119487,0.35615161092190717,0.19051500221138873,0.018676938583662157,0.012432563955207284,1.0,0.0,1.0,0.0,13914836.540400088,1087885700.8192744,422.2238095238095,0,0.0,0.0,0.0,46414.37424637576,537163.8692293067
321,0.43875000000000003,0.1844118014119487,0.35615161092190717,0.19051500221138873,0.018676938583662157,0.012432563955207284,1.0,0.0,1.0,0.0,13914836.540400088,1087885700.8192744,422.2238095238095,0,0.0,0.0,0.0,46399.31759916219,537133.6962358282
322,0.43875000000000003,0.1844118014119487,0.35615161092190717,0.19051500221138873,0.018676938583662157,0.012432563955207284,1.0,0.0,1.0,0.0,13914836.540400088,1087885700.8192744,422.2238095238095,0,0.0,0.0,0.0,46383.06319576309,537088.8450488443
323,0.43875000000000003,0.1844118014119487,0.35615161092190717,0.19051500221138873,0.018676938583662157,0.012432563955207284,1.0,0.0,1.0,0.0,13914836.540400088,1087885700.8192744,422.2238095238095,0,0.0,0.0,0.0,46363.487630434734,537077.0947356008
324,0.43875000000000003,0.1844118014119487,0.35615161092190717,0.19051500221138873,0.018676938583662157,0.012432563955207284,1.0,0.0,1.0,0.0,13914836.540400088,1087885700.8192744,422.2238095238095,0,0.0,0.0,0.0,46342.55985261234,537049.408647022
325,0.43946666666666656,0.18456109798353737,0.35564092369829486,0.19045305257077416,0.018748416371602124,0.012729022054399672,1.0,0.0,1.0,0.0,13914836.540400088,1087885700.8192744,422.2238095238095,0,0.0,0.0,0.0,46309.84665204894,537007.0087525076
326,0.43946666666666656,0.18456109798353737,0.35564092369829486,0.19045305257077416,0.018748416371602124,0.012729022054399672,1.0,0.0,1.0,0.0,13914836.540400088,1087885700.8192744,422.2238095238095,0,0.0,0.0,0.0,46359.65057082462,537106.5328963465
327,0.43946666666666656,0.18456109798353737,0.35564092369829486,0.19045305257077416,0.018748416371602124,0.012729022054399672,1.0,0.0,1.0,0.0,13914776.012421943,1087885700.8192744,422.2238095238095,0,0.0,0.0,0.0,46300.703884819915,537035.0973894063
328,0.43946666666666656,0.18456109798353737,0.35564092369829486,0.19045305257077416,0.018748416371602124,0.012729022054399672,1.0,0.0,1.0,0.0,13914776.012421943,1087885700.8192744,422.2238095238095,0,0.0,0.0,0.0,46325.24994711509,537080.4515249486
329,0.43946666666666656,0.18456109798353737,0.35564092369829486,0.19045305257077416,0.018748416371602124,0.012729022054399672,1.0,0.0,1.0,0.0,13914776.012421943,1087885700.8192744,422.2238095238095,0,0.0,0.0,0.0,46379.11186635878,537177.470778385
330,0.4403,0.1845155187691991,0.35426079215459816,0.19050687713441156,0.017818960595327307,0.012015085026546165,1.0,0.0,1.0,0.0,13914776.012421943,1087869065.8818545,422.2238095238095,0,0.0,0.0,0.0,46396.00119860935,537261.6043815545
331,0.4403,0.1845155187691991,0.35426079215459816,0.19050687713441156,0.017818960595327307,0.012015085026546165,1.0,0.0,1.0,0.0,13911637.534800524,1087869065.8818545,422.2238095238095,0,0.0,0.0,0.0,46322.76666767585,537155.4606150262
332,0.4403,0.1845155187691991,0.35426079215459816,0.19050687713441156,0.017818960595327307,0.012015085026546165,1.0,0.0,1.0,0.0,13911637.534800524,1085623942.9088721,422.2238095238095,0,0.0,0.0,0.0,46341.41521436961,537175.5183205814
333,0.4403,0.1845155187691991,0.35426079215459816,0.19050687713441156,0.017818960595327307,0.012015085026546165,1.0,0.0,1.0,0.0,13911637.534800524,1085623942.9088721,422.2238095238095,0,0.0,0.0,0.0,46420.99380222826,537334.1721779598
334,0.4403,0.1845155187691991,0.35426079215459816,0.19050687713441156,0.017818960595327307,0.012015085026546165,1.0,0.0,1.0,0.0,13910948.418417836,1085623942.9088721,422.2238095238095,0,0.0,0.0,0.0,46412.89485461417,537335.3998709621
335,0.44079999999999997,0.1846584504790759,0.3537424445617167,0.19073180490273356,0.019081688916195962,0.013171836644839239,1.0,0.0,1.0,0.0,13910948.418417836,1085623942.9088721,422.2238095238095,0,0.0,0.0,0.0,46433.75517875011,537405.8495413448
336,0.44079999999999997,0.1846584504790759,0.3537424445617167,0.19073180490273356,0.019081688916195962,0.013171836644839239,1.0,0.0,1.0,0.0,13910948.418417836,1085623942.9088721,422.2238095238095,0,0.0,0.0,0.0,46445.09342730005,537433.3608255913
337,0.44079999999999997,0.1846584504790759,0.3537424445617167,0.19073180490273356,0.019081688916195962,0.013171836644839239,1.0,0.0,1.0,0.0,13910066.354214516,1085623942.9088721,422.2238095238095,0,0.0,0.0,0.0,46400.95211635615,537344.313231289
338,0.44079999999999997,0.1846584504790759,0.3537424445617167,0.19073180490273356,0.019081688916195962,0.013171836644839239,1.0,0.0,1.0,0.0,13910066.354214516,1085623942.9088721,422.2238095238095,0,0.0,0.0,0.0,46425.27977133692,537438.394088139
339,0.44079999999999997,0.1846584504790759,0.3537424445617167,0.19073180490273356,0.019081688916195962,0.013171836644839239,1.0,0.0,1.0,0.0,13910066.354214516,1085623942.9088721,422.2238095238095,0,0.0,0.0,0.0,46406.525913667436,537428.2060620309
340,0.4417666666666666,0.1846270896218164,0.3529999814519233,0.19021025639242714,0.01636935290105025,0.011471661679373663,1.0,0.0,1.0,0.0,13910066.354214516,1085623942.9088721,422.2238095238095,0,0.0,0.0,0.0,46456.33107827321,537518.317639549
341,0.4417666666666666,0.1846270896218164,0.3529999814519233,0.19021025639242714,0.01636935290105025,0.011471661679373663,1.0,0.0,1.0,0.0,13910066.354214516,1085535445.340727,422.2238095238095,0,0.0,0.0,0.0,46407.02061303687,537477.586834619
342,0.4417666666666666,0.1846270896218164,0.3529999814519233,0.19021025639242714,0.01636935290105025,0.011471661679373663,1.0,0.0,1.0,0.0,13892664.295914488,1085535445.340727,422.2238095238095,0,0.0,0.0,0.0,46251.89501430032,537211.9084113366
343,0.4417666666666666,0.1846270896218164,0.3529999814519233,0.19021025639242714,0.01636935290105025,0.011471661679373663,1.0,0.0,1.0,0.0,13892664.295914488,1085535445.340727,422.2238095238095,0,0.0,0.0,0.0,46312.35971273947,537320.3505406295
344,0.4417666666666666,0.1846270896218164,0.3529999814519233,0.19021025639242714,0.01636935290105025,0.011471661679373663,1.0,0.0,1.0,0.0,13892664.295914488,1085535445.340727,422.2238095238095,0,0.0,0.0,0.0,46294.14119714084,537307.3587592974
345,0.4424833333333334,0.1846124085452787,0.3526554994431049,0.19031697400050504,0.01632636891390853,0.012200939955899649,1.0,0.0,1.0,0.0,13892439.309699815,1085535445.340727,422.2238095238095,0,0.0,0.0,0.0,46234.61818591517,537164.0095990075
346,0.4424833333333334,0.1846124085452787,0.3526554994431049,0.19031697400050504,0.01632636891390853,0.012200939955899649,1.0,0.0,1.0,0.0,13892439.309699815,1085535445.340727,422.2238095238095,0,0.0,0.0,0.0,46251.64160609401,537196.4566600911
347,0.4424833333333334,0.1846124085452787,0.3526554994431049,0.19031697400050504,0.01632636891390853,0.012200939955899649,1.0,0.0,1.0,0.0,13892066.317282826,1085535445.340727,422.2238095238095,0,0.0,0.0,0.0,46255.69948582039,537278.7587495436
348,0.4424833333333334,0.1846124085452787,0.3526554994431049,0.19031697400050504,0.01632636891390853,0.012200939955899649,1.0,0.0,1.0,0.0,13892066.317282826,1085535445.340727,422.2238095238095,0,0.0,0.0,0.0,46301.566832503515,537339.9390482175
349,0.4424833333333334,0.1846124085452787,0.3526554994431049,0.19031697400050504,0.01632636891390853,0.012200939955899649,1.0,0.0,1.0,0.0,13892066.317282826,1085535445.340727,422.2238095238095,0,0.0,0.0,0.0,46394.42528949127,537515.7857288051
350,0.4429666666666667,0.1849562080301413,0.35213551029989354,0.19060400792871246,0.013945436178539172,0.010166004314671927,1.0,0.0,1.0,0.0,13891421.994214477,1085535445.340727,422.2238095238095,0,0.0,0.0,0.0,46453.906828702704,537642.4541936909
351,0.4429666666666667,0.1849562080301413,0.35213551029989354,0.19060400792871246,0.013945436178539172,0.010166004314671927,1.0,0.0,1.0,0.0,13891421.994214477,1085315540.300606,422.2238095238095,0,0.0,0.0,0.0,46413.54916899433,537604.063751276
352,0.4429666666666667,0.1849562080301413,0.35213551029989354,0.19060400792871246,0.013945436178539172,0.010166004314671927,1.0,0.0,1.0,0.0,13891421.994214477,1085315540.300606,422.2238095238095,0,0.0,0.0,0.0,46361.44480551285,537566.1875745102
353,0.4429666666666667,0.1849562080301413,0.35213551029989354,0.19060400792871246,0.013945436178539172,0.010166004314671927,1.0,0.0,1.0,0.0,13891421.994214477,1085315540.300606,422.2238095238095,0,0.0,0.0,0.0,46366.70814149687,537572.635137609
354,0.4429666666666667,0.1849562080301413,0.35213551029989354,0.19060400792871246,0.013945436178539172,0.010166004314671927,1.0,0.0,1.0,0.0,13891421.994214477,1085315540.300606,422.2238095238095,0,0.0,0.0,0.0,46499.50977390479,537884.9913306984
355,0.4436333333333333,0.18521032788577302,0.3515446663829247,0.19063761906875723,0.01697384303881129,0.011776192014804164,1.0,0.0,1.0,0.0,13891421.994214477,1085308367.2009814,422.2238095238095,0,0.0,0.0,0.0,46532.56111384505,537946.6044377605
356,0.4436333333333333,0.18521032788577302,0.3515446663829247,0.19063761906875723,0.01697384303881129,0.011776192014804164,1.0,0.0,1.0,0.0,13891195.480045049,1085308367.2009814,422.2238095238095,0,0.0,0.0,0.0,46516.8910464223,537880.432119469
357,0.4436333333333333,0.18521032788577302,0.3515446663829247,0.19063761906875723,0.01697384303881129,0.011776192014804164,1.0,0.0,1.0,0.0,13891195.480045049,1085308367.2009814,422.2238095238095,0,0.0,0.0,0.0,46389.127537211265,537679.2061588014
358,0.4436333333333333,0.18521032788577302,0.3515446663829247,0.19063761906875723,0.01697384303881129,0.011776192014804164,1.0,0.0,1.0,0.0,13890735.254462864,1085308367.2009814,422.2238095238095,0,0.0,0.0,0.0,46405.425450121416,537753.6362475032
359,0.4436333333333333,0.18521032788577302,0.3515446663829247,0.19063761906875723,0.01697384303881129,0.011776192014804164,1.0,0.0,1.0,0.0,13890735.254462864,1085308367.2009814,422.2238095238095,0,0.0,0.0,0.0,46459.518182858585,537846.255269466
360,0.4440166666666666,0.18548178182476274,0.3507079629904929,0.19047299190661218,0.015555237450995811,0.011458030700491686,1.0,0.0,1.0,0.0,13890735.254462864,1085308367.2009814,422.2238095238095,0,0.0,0.0,0.0,46478.014044882795,537871.2631100494
361,0.4440166666666666,0.18548178182476274,0.3507079629904929,0.19047299190661218,0.015555237450995811,0.011458030700491686,1.0,0.0,1.0,0.0,13890735.254462864,1085308367.2009814,422.2238095238095,0,0.0,0.0,0.0,46551.066234435435,537974.957318583
362,0.4440166666666666,0.18548178182476274,0.3507079629904929,0.19047299190661218,0.015555237450995811,0.011458030700491686,1.0,0.0,1.0,0.0,13890735.254462864,1085308367.2009814,422.2238095238095,0,0.0,0.0,0.0,46443.5197183607,537760.1055244958
363,0.4440166666666666,0.18548178182476274,0.3507079629904929,0.19047299190661218,0.015555237450995811,0.011458030700491686,1.0,0.0,1.0,0.0,13890735.254462864,1085308367.2009814,422.2238095238095,0,0.0,0.0,0.0,46431.0341547014,537768.6838538031
364,0.4440166666666666,0.18548178182476274,0.3507079629904929,0.19047299190661218,0.015555237450995811,0.011458030700491686,1.0,0.0,1.0,0.0,13890735.254462864,1085308367.2009814,422.2238095238095,0,0.0,0.0,0.0,46442.62356699281,537718.7490900811
365,0.44500000000000006,0.18563391392738557,0.35008934209701786,0.19068626145466488,0.01491941726352297,0.008248911925015489,1.0,0.0,1.0,0.0,13890735.254462864,1085149907.2390766,422.2238095238095,0,0.0,0.0,0.0,46367.92093570007,537584.1127718522
366,0.44500000000000006,0.18563391392738557,0.35008934209701786,0.19068626145466488,0.01491941726352297,0.008248911925015489,1.0,0.0,1.0,0.0,13890316.715680609,1085133556.1825638,422.2238095238095,0,0.0,0.0,0.0,46451.98537647711,537817.5817407527
367,0.44500000000000006,0.18563391392738557,0.35008934209701786,0.19068626145466488,0.01491941726352297,0.008248911925015489,1.0,0.0,1.0,0.0,13890316.715680609,1085133556.1825638,422.2238095238095,0,0.0,0.0,0.0,46451.00379074626,537890.9571996728
368,0.44500000000000006,0.18563391392738557,0.35008934209701786,0.19068626145466488,0.01491941726352297,0.008248911925015489,1.0,0.0,1.0,0.0,13890316.715680609,1084443487.3635418,422.2238095238095,0,0.0,0.0,0.0,46513.82876539242,538102.5074214943
369,0.44500000000000006,0.18563391392738557,0.35008934209701786,0.19068626145466488,0.01491941726352297,0.008248911925015489,1.0,0.0,1.0,0.0,13890316.715680609,1084443487.3635418,422.2238095238095,0,0.0,0.0,0.0,46489.89660412657,538051.9806864583
370,0.4461666666666666,0.1862340075162309,0.34944335730354864,0.1911785671030365,0.014543004719331537,0.009428789698082446,1.0,0.0,1.0,0.0,13890316.715680609,1084443487.3635418,422.2238095238095,0,0.0,0.0,0.0,46524.52660440983,538029.9860555549
371,0.4461666666666666,0.1862340075162309,0.34944335730354864,0.1911785671030365,0.014543004719331537,0.009428789698082446,1.0,0.0,1.0,0.0,13890316.715680609,1084443487.3635418,422.2238095238095,0,0.0,0.0,0.0,46399.56950863246,537842.2842347362
372,0.4461666666666666,0.1862340075162309,0.34944335730354864,0.1911785671030365,0.014543004719331537,0.009428789698082446,1.0,0.0,1.0,0.0,13890316.715680609,1084443487.3635418,422.2238095238095,0,0.0,0.0,0.0,46444.9566761741,537980.978875605
373,0.4461666666666666,0.1862340075162309,0.34944335730354864,0.1911785671030365,0.014543004719331537,0.009428789698082446,1.0,0.0,1.0,0.0,13890316.715680609,1084443487.3635418,422.2238095238095,0,0.0,0.0,0.0,46418.918462099835,538016.5136941808
374,0.4461666666666666,0.1862340075162309,0.34944335730354864,0.1911785671030365,0.014543004719331537,0.009428789698082446,1.0,0.0,1.0,0.0,13890056.914028734,1084443487.3635418,422.2238095238095,0,0.0,0.0,0.0,46266.70428366195,537698.8800563454
375,0.44718333333333343,0.1868657933443738,0.34867852668208604,0.19149843363038033,0.015009070644484796,0.008404296448486252,1.0,0.0,1.0,0.0,13889792.035829095,1084443487.3635418,422.2238095238095,0,0.0,0.0,0.0,46260.35083548345,537708.3975875898
376,0.44718333333333343,0.1868657933443738,0.34867852668208604,0.19149843363038033,0.015009070644484796,0.008404296448486252,1.0,0.0,1.0,0.0,13889792.035829095,1084443487.3635418,422.2238095238095,0,0.0,0.0,0.0,46367.73956002333,538024.2132013183
377,0.44718333333333343,0.1868657933443738,0.34867852668208604,0.19149843363038033,0.015009070644484796,0.008404296448486252,1.0,0.0,1.0,0.0,13889792.035829095,1084443487.3635418,422.2238095238095,0,0.0,0.0,0.0,46303.79526535246,537915.9940209755
378,0.44718333333333343,0.1868657933443738,0.34867852668208604,0.19149843363038033,0.015009070644484796,0.008404296448486252,1.0,0.0,1.0,0.0,13889792.035829095,1084443487.3635418,422.2238095238095,0,0.0,0.0,0.0,46335.43592497086,537990.3508101256
379,0.44718333333333343,0.1868657933443738,0.34867852668208604,0.19149843363038033,0.015009070644484796,0.008404296448486252,1.0,0.0,1.0,0.0,13889792.035829095,1084443487.3635418,422.2238095238095,0,0.0,0.0,0.0,46432.25835325182,538146.9615369289
380,0.44783333333333336,0.1874270228352595,0.3481861385415758,0.19164929465884917,0.013913779494843142,0.007891558363473224,1.0,0.0,1.0,0.0,13889792.035829095,1084443487.3635418,422.2238095238095,0,0.0,0.0,0.0,46394.7581707288,538022.4564634378
381,0.44783333333333336,0.1874270228352595,0.3481861385415758,0.19164929465884917,0.013913779494843142,0.007891558363473224,1.0,0.0,1.0,0.0,13889792.035829095,1084443487.3635418,422.2238095238095,0,0.0,0.0,0.0,46436.237343099616,538130.6554336286
382,0.44783333333333336,0.1874270228352595,0.3481861385415758,0.19164929465884917,0.013913779494843142,0.007891558363473224,1.0,0.0,1.0,0.0,13889333.450152466,1084443487.3635418,422.2238095238095,0,0.0,0.0,0.0,46417.39495868868,538028.0061031474
383,0.44783333333333336,0.1874270228352595,0.3481861385415758,0.19164929465884917,0.013913779494843142,0.007891558363473224,1.0,0.0,1.0,0.0,13889333.450152466,1084443487.3635418,422.2238095238095,0,0.0,0.0,0.0,46397.22412960853,538055.8337265606
384,0.44783333333333336,0.1874270228352595,0.3481861385415758,0.19164929465884917,0.013913779494843142,0.007891558363473224,1.0,0.0,1.0,0.0,13889333.450152466,1084443487.3635418,422.2238095238095,0,0.0,0.0,0.0,46409.127452148365,537998.814569906
385,0.4487,0.18772864281545673,0.34744777710712466,0.19161953500433943,0.014125759306874128,0.008463118830908436,1.0,0.0,1.0,0.0,13889333.450152466,1084443487.3635418,422.2238095238095,0,0.0,0.0,0.0,46429.54493212129,538102.3249235891
386,0.4487,0.18772864281545673,0.34744777710712466,0.19161953500433943,0.014125759306874128,0.008463118830908436,1.0,0.0,1.0,0.0,13889333.450152466,1084443487.3635418,422.2238095238095,0,0.0,0.0,0.0,46568.387306067125,538230.9135719914
387,0.4487,0.18772864281545673,0.34744777710712466,0.19161953500433943,0.014125759306874128,0.008463118830908436,1.0,0.0,1.0,0.0,13889333.450152466,1084443487.3635418,422.2238095238095,0,0.0,0.0,0.0,46473.45135458403,538049.7542007768
388,0.4487,0.18772864281545673,0.34744777710712466,0.19161953500433943,0.014125759306874128,0.008463118830908436,1.0,0.0,1.0,0.0,13889333.450152466,1084443487.3635418,422.2238095238095,0,0.0,0.0,0.0,46395.624605249286,537906.7909633166
389,0.4487,0.18772864281545673,0.34744777710712466,0.19161953500433943,0.014125759306874128,0.008463118830908436,1.0,0.0,1.0,0.0,13889333.450152466,1084443487.3635418,422.2238095238095,0,0.0,0.0,0.0,46370.93126821029,537920.0578858148
390,0.4497833333333332,0.1884000036860108,0.3467688625592677,0.19198269187081768,0.017536908197719987,0.009469663716476706,1.0,0.0,1.0,0.0,13889333.450152466,1084443487.3635418,422.2238095238095,0,0.0,0.0,0.0,46408.445167856524,537980.407554442
391,0.4497833333333332,0.1884000036860108,0.3467688625592677,0.19198269187081768,0.017536908197719987,0.009469663716476706,1.0,0.0,1.0,0.0,13889333.450152466,1084443487.3635418,422.2238095238095,0,0.0,0.0,0.0,46354.37395061154,537877.2623876048
392,0.4497833333333332,0.1884000036860108,0.3467688625592677,0.19198269187081768,0.017536908197719987,0.009469663716476706,1.0,0.0,1.0,0.0,13889333.450152466,1084443487.3635418,422.2238095238095,0,0.0,0.0,0.0,46337.286098541765,537813.8510507687
393,0.4497833333333332,0.1884000036860108,0.3467688625592677,0.19198269187081768,0.017536908197719987,0.009469663716476706,1.0,0.0,1.0,0.0,13889333.450152466,1084443487.3635418,422.2238095238095,0,0.0,0.0,0.0,46362.57966531335,537923.9666270084
394,0.4497833333333332,0.1884000036860108,0.3467688625592677,0.19198269187081768,0.017536908197719987,0.009469663716476706,1.0,0.0,1.0,0.0,13889333.450152466,1084443487.3635418,422.2238095238095,0,0.0,0.0,0.0,46342.45375817718,537880.6147432086
395,0.45085,0.1890499118398807,0.3458748448104146,0.19247224602403395,0.01585216863467725,0.008410835614503745,1.0,0.0,1.0,0.0,13889333.450152466,1084443487.3635418,422.2238095238095,0,0.0,0.0,0.0,46317.022316635754,537843.1807099615
396,0.45085,0.1890499118398807,0.3458748448104146,0.19247224602403395,0.01585216863467725,0.008410835614503745,1.0,0.0,1.0,0.0,13889333.450152466,1084443487.3635418,422.2238095238095,0,0.0,0.0,0.0,46277.02516820081,537758.7396006158
397,0.45085,0.1890499118398807,0.3458748448104146,0.19247224602403395,0.01585216863467725,0.008410835614503745,1.0,0.0,1.0,0.0,13889333.450152466,1084443487.3635418,422.2238095238095,0,0.0,0.0,0.0,46266.45447607613,537754.6071925696
398,0.45085,0.1890499118398807,0.3458748448104146,0.19247224602403395,0.01585216863467725,0.008410835614503745,1.0,0.0,1.0,0.0,13889333.450152466,1084443487.3635418,422.2238095238095,0,0.0,0.0,0.0,46277.97149374631,537858.2794416812
399,0.45085,0.1890499118398807,0.3458748448104146,0.19247224602403395,0.01585216863467725,0.008410835614503745,1.0,0.0,1.0,0.0,13889333.450152466,1084443487.3635418,422.2238095238095,0,0.0,0.0,0.0,46237.90077570672,537820.1323386462
